source,target,weight
北京,上海,1.0
深圳,上海,0.4331431406598859
广州,上海,0.10071942446043165
天津,上海,0.09662614735797569
杭州,上海,0.24658893574795337
苏州,上海,0.18829074671297444
宁波,上海,0.13110890597866534
拉萨,上海,0.0539568345323741
南京,上海,0.09712230215827339
东莞,上海,0.015256760109154057
成都,上海,0.055321260233192754
福州,上海,0.0347308360208385
无锡,上海,0.05916645993549988
重庆,上海,0.0347308360208385
嘉兴,上海,0.05494914413296949
厦门,上海,0.033614487720168694
武汉,上海,0.031753907219052344
郑州,上海,0.029521210617712727
石家庄,上海,0.009302902505581741
珠海,上海,0.024559662614735796
济南,上海,0.01612503100967502
青岛,上海,0.040560654924336394
西安,上海,0.01699330191019598
长沙,上海,0.019101959811461174
合肥,上海,0.03510295212106177
大连,上海,0.023939469114363683
惠州,上海,0.00012403870007442322
南通,上海,0.03671545522202927
绍兴,上海,0.01314810220788886
温州,上海,0.033118332919871
佛山,上海,0.004961548002976929
常州,上海,0.031133713718680227
银川,上海,0.00012403870007442322
乌鲁木齐,上海,0.01004713470602828
湖州,上海,0.008558670305135203
南昌,上海,0.017117340610270405
哈尔滨,上海,0.008806747705284048
新余,上海,0.012279831307367898
泉州,上海,0.005085586703051352
沈阳,上海,0.008682709005209625
海口,上海,0.007938476804763086
太原,上海,0.005457702803274621
金华,上海,0.014760605308856364
南宁,上海,0.0053336641032001985
昆明,上海,0.00806251550483751
长春,上海,0.0024807740014884646
中山,上海,0.01662118580997271
汕头,上海,0.0034730836020838503
台州,上海,0.014016373108409823
镇江,上海,0.013892334408335401
舟山,上海,0.00657405110394443
九江,上海,0.0019846192011907715
潍坊,上海,0.0037211610022326964
烟台,上海,0.010419250806251551
贵阳,上海,0.00657405110394443
保定,上海,0.00037211610022326965
泰州,上海,0.007938476804763086
宜春,上海,0.004465393202679236
鹰潭,上海,0.0012403870007442323
兰州,上海,0.0012403870007442323
芜湖,上海,0.005829818903497892
呼和浩特,上海,0.00024807740014884643
盐城,上海,0.005829818903497892
扬州,上海,0.005457702803274621
临沂,上海,0.00012403870007442322
绵阳,上海,0.0004961548002976929
淄博,上海,0.004465393202679236
漳州,上海,0.00024807740014884643
开封,上海,0.00012403870007442322
洛阳,上海,0.0007442322004465393
邯郸,上海,0.0007442322004465393
西宁,上海,0.00012403870007442322
连云港,上海,0.0031009675018605805
淮北,上海,0.0027288514016373107
萍乡,上海,0.0004961548002976929
东营,上海,0.0016125031009675019
马鞍山,上海,0.0009923096005953857
德州,上海,0.0
徐州,上海,0.002232696601339618
三亚,上海,0.0021086579012651947
淮安,上海,0.0019846192011907715
宜昌,上海,0.0004961548002976929
滁州,上海,0.0007442322004465393
铜陵,上海,0.00012403870007442322
宣城,上海,0.0009923096005953857
日照,上海,0.0014884644008930786
秦皇岛,上海,0.0
济宁,上海,0.0007442322004465393
赣州,上海,0.0008682709005209626
清远,上海,0.0014884644008930786
株洲,上海,0.00012403870007442322
宿迁,上海,0.00012403870007442322
泸州,上海,0.0008682709005209626
岳阳,上海,0.0
吉林,上海,0.00012403870007442322
蚌埠,上海,0.0009923096005953857
周口,上海,0.0012403870007442323
威海,上海,0.0007442322004465393
通辽,上海,0.0006201935003721161
衢州,上海,0.00024807740014884643
许昌,上海,0.0008682709005209626
云浮,上海,0.0009923096005953857
黄山,上海,0.0009923096005953857
伊春,上海,0.0
漯河,上海,0.0007442322004465393
菏泽,上海,0.0007442322004465393
潮州,上海,0.00012403870007442322
怀化,上海,0.0004961548002976929
景德镇,上海,0.00024807740014884643
北京,深圳,0.8017861572810717
上海,深圳,0.44368643016621184
广州,深圳,0.41193252294715954
天津,深圳,0.07045398164227239
杭州,深圳,0.06499627883899776
苏州,深圳,0.028404862317042916
宁波,深圳,0.02158273381294964
拉萨,深圳,0.028032746216819646
南京,深圳,0.030761597618456957
东莞,深圳,0.09588191515752915
成都,深圳,0.06263954353758372
福州,深圳,0.014884644008930786
无锡,深圳,0.005085586703051352
重庆,深圳,0.05519722153311833
嘉兴,深圳,0.009923096005953858
厦门,深圳,0.030141404118084844
武汉,深圳,0.04738278342842967
郑州,深圳,0.02927313321756388
石家庄,深圳,0.005581741503349045
珠海,深圳,0.04614239642768544
济南,深圳,0.005457702803274621
青岛,深圳,0.013768295708260977
西安,深圳,0.0261721657157033
长沙,深圳,0.041428925824857354
合肥,深圳,0.008186554204911933
大连,深圳,0.012775986107665591
惠州,深圳,0.03671545522202927
南通,深圳,0.002852890101711734
绍兴,深圳,0.0004961548002976929
温州,深圳,0.0016125031009675019
佛山,深圳,0.029397171917638302
常州,深圳,0.006698089804018854
银川,深圳,0.0021086579012651947
乌鲁木齐,深圳,0.00806251550483751
湖州,深圳,0.0008682709005209626
南昌,深圳,0.014388489208633094
哈尔滨,深圳,0.007938476804763086
新余,深圳,0.010667328206400397
泉州,深圳,0.004465393202679236
沈阳,深圳,0.0032250062019350038
海口,深圳,0.01153559910692136
太原,深圳,0.003969238402381543
金华,深圳,0.002604812701562888
南宁,深圳,0.009178863805507318
廊坊,深圳,0.00012403870007442322
昆明,深圳,0.018729843711237905
长春,深圳,0.015504837509302902
中山,深圳,0.011659637806995783
汕头,深圳,0.014512527908707516
台州,深圳,0.0007442322004465393
镇江,深圳,0.0012403870007442323
九江,深圳,0.0021086579012651947
唐山,深圳,0.0008682709005209626
潍坊,深圳,0.00037211610022326965
烟台,深圳,0.0007442322004465393
贵阳,深圳,0.0027288514016373107
抚州,深圳,0.00024807740014884643
泰州,深圳,0.0
宜春,深圳,0.004341354502604812
兰州,深圳,0.0013644257008186553
芜湖,深圳,0.0016125031009675019
呼和浩特,深圳,0.00012403870007442322
上饶,深圳,0.00037211610022326965
吉安,深圳,0.00024807740014884643
盐城,深圳,0.00024807740014884643
绵阳,深圳,0.00012403870007442322
包头,深圳,0.00012403870007442322
漳州,深圳,0.0009923096005953857
洛阳,深圳,0.00037211610022326965
邯郸,深圳,0.0
萍乡,深圳,0.0027288514016373107
襄阳,深圳,0.0
徐州,深圳,0.0
保山,深圳,0.002232696601339618
淮安,深圳,0.0019846192011907715
揭阳,深圳,0.0019846192011907715
桂林,深圳,0.00012403870007442322
济宁,深圳,0.00012403870007442322
泰安,深圳,0.0016125031009675019
江门,深圳,0.0016125031009675019
赣州,深圳,0.0016125031009675019
清远,深圳,0.00012403870007442322
肇庆,深圳,0.0006201935003721161
威海,深圳,0.0012403870007442323
荆州,深圳,0.0
郴州,深圳,0.0008682709005209626
河源,深圳,0.0008682709005209626
宁德,深圳,0.00012403870007442322
梅州,深圳,0.0006201935003721161
韶关,深圳,0.00024807740014884643
潮州,深圳,0.00024807740014884643
莆田,深圳,0.00012403870007442322
南阳,深圳,0.0
邵阳,深圳,0.0
贵港,深圳,0.00012403870007442322
朔州,深圳,0.0
北京,天津,0.6027040436616224
上海,天津,0.1223021582733813
深圳,天津,0.06685685934011412
广州,天津,0.009799057305879435
杭州,天津,0.011659637806995783
苏州,天津,0.004093277102455967
宁波,天津,0.005209625403125776
拉萨,天津,0.004465393202679236
南京,天津,0.0019846192011907715
成都,天津,0.0021086579012651947
无锡,天津,0.0021086579012651947
重庆,天津,0.00037211610022326965
嘉兴,天津,0.0017365418010419251
厦门,天津,0.0009923096005953857
武汉,天津,0.004093277102455967
郑州,天津,0.0013644257008186553
石家庄,天津,0.003969238402381543
珠海,天津,0.00024807740014884643
济南,天津,0.00024807740014884643
青岛,天津,0.0016125031009675019
西安,天津,0.00037211610022326965
长沙,天津,0.00012403870007442322
合肥,天津,0.00024807740014884643
大连,天津,0.002976928801786157
佛山,天津,0.0004961548002976929
常州,天津,0.00012403870007442322
银川,天津,0.0004961548002976929
乌鲁木齐,天津,0.0014884644008930786
新余,天津,0.00012403870007442322
沈阳,天津,0.0016125031009675019
太原,天津,0.0012403870007442323
金华,天津,0.0008682709005209626
廊坊,天津,0.0006201935003721161
昆明,天津,0.0006201935003721161
长春,天津,0.00024807740014884643
唐山,天津,0.0017365418010419251
贵阳,天津,0.00012403870007442322
包头,天津,0.0
湘潭,天津,0.00012403870007442322
连云港,天津,0.0
三亚,天津,0.00012403870007442322
白城,天津,0.0016125031009675019
济宁,天津,0.0006201935003721161
衡水,天津,0.0
北京,宁波,0.31530637558918384
上海,宁波,0.30960059538576035
深圳,宁波,0.1153559910692136
广州,宁波,0.005209625403125776
天津,宁波,0.028032746216819646
杭州,宁波,0.18556189531133713
苏州,宁波,0.009923096005953858
拉萨,宁波,0.021706772513024063
南京,宁波,0.006201935003721161
东莞,宁波,0.00012403870007442322
成都,宁波,0.006077896303646738
福州,宁波,0.006077896303646738
无锡,宁波,0.003349044902009427
重庆,宁波,0.0018605805011163482
嘉兴,宁波,0.007070205904242123
厦门,宁波,0.0023567353014140413
武汉,宁波,0.005085586703051352
郑州,宁波,0.0023567353014140413
石家庄,宁波,0.0017365418010419251
珠海,宁波,0.005705780203423468
济南,宁波,0.002976928801786157
青岛,宁波,0.0018605805011163482
西安,宁波,0.002976928801786157
长沙,宁波,0.00012403870007442322
合肥,宁波,0.002232696601339618
大连,宁波,0.0014884644008930786
南通,宁波,0.00037211610022326965
绍兴,宁波,0.0064500124038700075
温州,宁波,0.0014884644008930786
佛山,宁波,0.0013644257008186553
银川,宁波,0.0004961548002976929
乌鲁木齐,宁波,0.0008682709005209626
湖州,宁波,0.0024807740014884646
南昌,宁波,0.0019846192011907715
哈尔滨,宁波,0.0012403870007442323
新余,宁波,0.00037211610022326965
沈阳,宁波,0.0007442322004465393
海口,宁波,0.0006201935003721161
太原,宁波,0.0027288514016373107
金华,宁波,0.0017365418010419251
中山,宁波,0.0006201935003721161
汕头,宁波,0.00012403870007442322
台州,宁波,0.0018605805011163482
舟山,宁波,0.001116348300669809
九江,宁波,0.00024807740014884643
烟台,宁波,0.0007442322004465393
贵阳,宁波,0.0004961548002976929
宜春,宁波,0.00024807740014884643
扬州,宁波,0.0
鄂尔多斯,宁波,0.0014884644008930786
西宁,宁波,0.00024807740014884643
徐州,宁波,0.00024807740014884643
株洲,宁波,0.00037211610022326965
菏泽,宁波,0.00012403870007442322
临汾,宁波,0.00012403870007442322
北京,成都,0.28069957826841974
上海,成都,0.13532622178119574
深圳,成都,0.12403870007442322
广州,成都,0.021830811213098485
天津,成都,0.0075663607045398165
杭州,成都,0.017737534110642522
苏州,成都,0.006077896303646738
宁波,成都,0.006077896303646738
拉萨,成都,0.021210617712726372
南京,成都,0.006077896303646738
东莞,成都,0.0006201935003721161
无锡,成都,0.0016125031009675019
重庆,成都,0.04217315802530389
嘉兴,成都,0.004093277102455967
厦门,成都,0.0012403870007442323
武汉,成都,0.005457702803274621
郑州,成都,0.00037211610022326965
珠海,成都,0.0019846192011907715
济南,成都,0.00024807740014884643
青岛,成都,0.0013644257008186553
西安,成都,0.0042173158025303895
长沙,成都,0.001116348300669809
合肥,成都,0.00012403870007442322
常州,成都,0.0009923096005953857
乌鲁木齐,成都,0.0004961548002976929
哈尔滨,成都,0.00012403870007442322
新余,成都,0.0016125031009675019
昆明,成都,0.0024807740014884646
长春,成都,0.0014884644008930786
台州,成都,0.0
贵阳,成都,0.0018605805011163482
达州,成都,0.009178863805507318
德阳,成都,0.005085586703051352
绵阳,成都,0.004589431902753659
南充,成都,0.003969238402381543
资阳,成都,0.002852890101711734
秦皇岛,成都,0.0012403870007442323
遂宁,成都,0.0014884644008930786
眉山,成都,0.0014884644008930786
泸州,成都,0.0013644257008186553
自贡,成都,0.0008682709005209626
攀枝花,成都,0.001116348300669809
广安,成都,0.0004961548002976929
枣庄,成都,0.0
乐山,成都,0.00012403870007442322
宜宾,成都,0.00012403870007442322
雅安,成都,0.0
巴中,成都,0.0
北京,杭州,0.2248821632349293
上海,杭州,0.33552468370131483
深圳,杭州,0.08695112875217068
广州,杭州,0.012155792607293476
天津,杭州,0.009426941205656165
苏州,杭州,0.014016373108409823
宁波,杭州,0.08335400645001241
拉萨,杭州,0.007194244604316547
南京,杭州,0.010543289506325973
东莞,杭州,0.00024807740014884643
成都,杭州,0.006946167204167701
福州,杭州,0.0018605805011163482
无锡,杭州,0.0017365418010419251
重庆,杭州,0.002852890101711734
嘉兴,杭州,0.02344331431406599
厦门,杭州,0.0038451997023071197
武汉,杭州,0.0038451997023071197
郑州,杭州,0.0008682709005209626
石家庄,杭州,0.00012403870007442322
珠海,杭州,0.003969238402381543
济南,杭州,0.0006201935003721161
青岛,杭州,0.0004961548002976929
西安,杭州,0.00037211610022326965
长沙,杭州,0.002604812701562888
合肥,杭州,0.0021086579012651947
大连,杭州,0.00024807740014884643
南通,杭州,0.00012403870007442322
绍兴,杭州,0.033614487720168694
温州,杭州,0.008930786405358472
佛山,杭州,0.0
常州,杭州,0.0016125031009675019
乌鲁木齐,杭州,0.0006201935003721161
湖州,杭州,0.027536591416521955
新余,杭州,0.002604812701562888
海口,杭州,0.0
金华,杭州,0.02009426941205656
中山,杭州,0.0
台州,杭州,0.010543289506325973
舟山,杭州,0.011907715207144629
九江,杭州,0.00037211610022326965
潍坊,杭州,0.00012403870007442322
四平,杭州,0.009426941205656165
兰州,杭州,0.00024807740014884643
芜湖,杭州,0.00024807740014884643
上饶,杭州,0.00012403870007442322
通化,杭州,0.0032250062019350038
常德,杭州,0.0
衢州,杭州,0.001116348300669809
丽水,杭州,0.0008682709005209626
北京,嘉兴,0.21880426693128255
上海,嘉兴,0.2158273381294964
深圳,嘉兴,0.09699826345819895
广州,嘉兴,0.004713470602828083
天津,嘉兴,0.02505581741503349
杭州,嘉兴,0.10084346316050607
苏州,嘉兴,0.007070205904242123
宁波,嘉兴,0.009923096005953858
拉萨,嘉兴,0.016000992309600594
南京,嘉兴,0.001116348300669809
东莞,嘉兴,0.0004961548002976929
成都,嘉兴,0.0014884644008930786
福州,嘉兴,0.0018605805011163482
重庆,嘉兴,0.006201935003721161
厦门,嘉兴,0.00037211610022326965
武汉,嘉兴,0.0014884644008930786
郑州,嘉兴,0.0007442322004465393
珠海,嘉兴,0.0018605805011163482
青岛,嘉兴,0.0009923096005953857
西安,嘉兴,0.004341354502604812
长沙,嘉兴,0.0007442322004465393
合肥,嘉兴,0.0007442322004465393
大连,嘉兴,0.006201935003721161
绍兴,嘉兴,0.0023567353014140413
温州,嘉兴,0.0007442322004465393
佛山,嘉兴,0.00012403870007442322
常州,嘉兴,0.0006201935003721161
乌鲁木齐,嘉兴,0.0013644257008186553
湖州,嘉兴,0.0017365418010419251
南昌,嘉兴,0.004093277102455967
哈尔滨,嘉兴,0.0006201935003721161
新余,嘉兴,0.0004961548002976929
金华,嘉兴,0.0009923096005953857
廊坊,嘉兴,0.004837509302902505
舟山,嘉兴,0.00012403870007442322
贵阳,嘉兴,0.0007442322004465393
保定,嘉兴,0.00024807740014884643
宜春,嘉兴,0.00012403870007442322
芜湖,嘉兴,0.0
鄂尔多斯,嘉兴,0.00012403870007442322
西宁,嘉兴,0.00024807740014884643
萍乡,嘉兴,0.00037211610022326965
徐州,嘉兴,0.0018605805011163482
秦皇岛,嘉兴,0.00012403870007442322
济宁,嘉兴,0.00012403870007442322
赣州,嘉兴,0.00024807740014884643
吉林,嘉兴,0.00012403870007442322
北京,武汉,0.1740262962044158
上海,武汉,0.09588191515752915
深圳,武汉,0.09749441825849665
广州,武汉,0.018357727611014635
天津,武汉,0.005953857603572314
杭州,武汉,0.01116348300669809
苏州,武汉,0.004589431902753659
宁波,武汉,0.005085586703051352
拉萨,武汉,0.0006201935003721161
南京,武汉,0.0042173158025303895
东莞,武汉,0.00012403870007442322
成都,武汉,0.003969238402381543
福州,武汉,0.0027288514016373107
无锡,武汉,0.00012403870007442322
重庆,武汉,0.0023567353014140413
嘉兴,武汉,0.0006201935003721161
厦门,武汉,0.0016125031009675019
郑州,武汉,0.0004961548002976929
珠海,武汉,0.0027288514016373107
青岛,武汉,0.00012403870007442322
西安,武汉,0.001116348300669809
长沙,武汉,0.005581741503349045
南通,武汉,0.00012403870007442322
佛山,武汉,0.00037211610022326965
常州,武汉,0.0004961548002976929
乌鲁木齐,武汉,0.00012403870007442322
南昌,武汉,0.0017365418010419251
新余,武汉,0.00012403870007442322
沈阳,武汉,0.00012403870007442322
南宁,武汉,0.00012403870007442322
昆明,武汉,0.0012403870007442323
鹰潭,武汉,0.00012403870007442322
芜湖,武汉,0.0
孝感,武汉,0.0013644257008186553
咸宁,武汉,0.0032250062019350038
荆门,武汉,0.002604812701562888
襄阳,武汉,0.002604812701562888
十堰,武汉,0.0016125031009675019
宜昌,武汉,0.001116348300669809
秦皇岛,武汉,0.0004961548002976929
蚌埠,武汉,0.00024807740014884643
黄石,武汉,0.001116348300669809
黄冈,武汉,0.0009923096005953857
荆州,武汉,0.0008682709005209626
鄂州,武汉,0.00037211610022326965
北京,苏州,0.1612503100967502
上海,苏州,0.34743239890845945
深圳,苏州,0.069461672041677
广州,苏州,0.006077896303646738
天津,苏州,0.012775986107665591
杭州,苏州,0.02282312081369387
宁波,苏州,0.008930786405358472
拉萨,苏州,0.008310592904986355
南京,苏州,0.04998759612999256
东莞,苏州,0.004341354502604812
成都,苏州,0.0008682709005209626
福州,苏州,0.00024807740014884643
无锡,苏州,0.015628876209377324
重庆,苏州,0.002232696601339618
嘉兴,苏州,0.003969238402381543
厦门,苏州,0.00024807740014884643
武汉,苏州,0.0009923096005953857
郑州,苏州,0.0008682709005209626
珠海,苏州,0.00012403870007442322
济南,苏州,0.0032250062019350038
青岛,苏州,0.0007442322004465393
西安,苏州,0.0019846192011907715
合肥,苏州,0.0012403870007442323
大连,苏州,0.0006201935003721161
南通,苏州,0.0031009675018605805
温州,苏州,0.0006201935003721161
佛山,苏州,0.0019846192011907715
常州,苏州,0.005829818903497892
新余,苏州,0.0006201935003721161
金华,苏州,0.00012403870007442322
台州,苏州,0.0006201935003721161
镇江,苏州,0.0
烟台,苏州,0.00012403870007442322
宜春,苏州,0.00012403870007442322
芜湖,苏州,0.00024807740014884643
盐城,苏州,0.00012403870007442322
淄博,苏州,0.0
淮安,苏州,0.0008682709005209626
中卫,苏州,0.0
北京,南京,0.15765318779459192
上海,南京,0.16807243860084348
深圳,南京,0.057181840734309104
广州,南京,0.006077896303646738
天津,南京,0.0024807740014884646
杭州,南京,0.01662118580997271
苏州,南京,0.02158273381294964
宁波,南京,0.002976928801786157
拉萨,南京,0.005705780203423468
东莞,南京,0.0
成都,南京,0.0023567353014140413
无锡,南京,0.012900024807740015
重庆,南京,0.0009923096005953857
嘉兴,南京,0.0023567353014140413
武汉,南京,0.001116348300669809
珠海,南京,0.00012403870007442322
济南,南京,0.00012403870007442322
西安,南京,0.00037211610022326965
长沙,南京,0.00012403870007442322
合肥,南京,0.0004961548002976929
大连,南京,0.0006201935003721161
南通,南京,0.004589431902753659
常州,南京,0.005705780203423468
湖州,南京,0.0
新余,南京,0.00012403870007442322
金华,南京,0.00012403870007442322
镇江,南京,0.005705780203423468
泰州,南京,0.0004961548002976929
盐城,南京,0.001116348300669809
扬州,南京,0.0032250062019350038
马鞍山,南京,0.0013644257008186553
徐州,南京,0.0009923096005953857
淮安,南京,0.0018605805011163482
营口,南京,0.00024807740014884643
宿迁,南京,0.0009923096005953857
北京,广州,0.15604068469362442
上海,广州,0.09960307615976184
深圳,广州,0.26184569585710743
天津,广州,0.006946167204167701
杭州,广州,0.016373108409823867
苏州,广州,0.0016125031009675019
宁波,广州,0.0037211610022326964
拉萨,广州,0.004093277102455967
南京,广州,0.0007442322004465393
东莞,广州,0.018977921111386752
成都,广州,0.005953857603572314
福州,广州,0.00012403870007442322
重庆,广州,0.0012403870007442323
嘉兴,广州,0.0007442322004465393
厦门,广州,0.002852890101711734
武汉,广州,0.0021086579012651947
郑州,广州,0.00024807740014884643
珠海,广州,0.04341354502604813
青岛,广州,0.00024807740014884643
西安,广州,0.00012403870007442322
长沙,广州,0.002852890101711734
大连,广州,0.00024807740014884643
佛山,广州,0.032126023319275616
乌鲁木齐,广州,0.00024807740014884643
南昌,广州,0.0009923096005953857
新余,广州,0.004713470602828083
泉州,广州,0.00012403870007442322
海口,广州,0.00012403870007442322
南宁,广州,0.0004961548002976929
昆明,广州,0.0
中山,广州,0.00657405110394443
汕头,广州,0.0017365418010419251
九江,广州,0.0009923096005953857
抚州,广州,0.0
泰州,广州,0.0
宜春,广州,0.0018605805011163482
鹰潭,广州,0.00731828330439097
吉安,广州,0.00024807740014884643
揭阳,广州,0.00012403870007442322
江门,广州,0.0009923096005953857
清远,广州,0.0008682709005209626
韶关,广州,0.0006201935003721161
潮州,广州,0.0004961548002976929
北京,青岛,0.1426445050855867
上海,青岛,0.06660878193996526
深圳,青岛,0.028280823616968494
广州,青岛,0.003969238402381543
天津,青岛,0.005829818903497892
杭州,青岛,0.004837509302902505
苏州,青岛,0.0016125031009675019
宁波,青岛,0.0019846192011907715
拉萨,青岛,0.0024807740014884646
南京,青岛,0.0014884644008930786
东莞,青岛,0.00012403870007442322
成都,青岛,0.002976928801786157
重庆,青岛,0.0021086579012651947
嘉兴,青岛,0.0013644257008186553
武汉,青岛,0.0
郑州,青岛,0.0007442322004465393
济南,青岛,0.029893326717935997
西安,青岛,0.00012403870007442322
合肥,青岛,0.0008682709005209626
大连,青岛,0.0006201935003721161
南通,青岛,0.0007442322004465393
常州,青岛,0.00012403870007442322
南昌,青岛,0.00024807740014884643
南宁,青岛,0.00024807740014884643
长春,青岛,0.002852890101711734
潍坊,青岛,0.01079136690647482
烟台,青岛,0.0053336641032001985
呼和浩特,青岛,0.00012403870007442322
临沂,青岛,0.004713470602828083
柳州,青岛,0.0
淄博,青岛,0.002852890101711734
邯郸,青岛,0.0
六安,青岛,0.00024807740014884643
东营,青岛,0.0024807740014884646
德州,青岛,0.00012403870007442322
日照,青岛,0.00012403870007442322
江门,青岛,0.00024807740014884643
滨州,青岛,0.0013644257008186553
威海,青岛,0.00037211610022326965
莱芜,青岛,0.00012403870007442322
北京,郑州,0.14190027288514018
上海,郑州,0.04924336392954602
深圳,郑州,0.05817415033490449
广州,郑州,0.0053336641032001985
天津,郑州,0.0019846192011907715
杭州,郑州,0.004589431902753659
苏州,郑州,0.0006201935003721161
宁波,郑州,0.0008682709005209626
拉萨,郑州,0.00012403870007442322
南京,郑州,0.00012403870007442322
东莞,郑州,0.00024807740014884643
成都,郑州,0.0006201935003721161
福州,郑州,0.0017365418010419251
嘉兴,郑州,0.0006201935003721161
武汉,郑州,0.0035971223021582736
青岛,郑州,0.00012403870007442322
西安,郑州,0.0013644257008186553
长沙,郑州,0.0
佛山,郑州,0.0007442322004465393
保定,郑州,0.00012403870007442322
开封,郑州,0.0034730836020838503
洛阳,郑州,0.003349044902009427
咸宁,郑州,0.00012403870007442322
新乡,郑州,0.0014884644008930786
安阳,郑州,0.00024807740014884643
商丘,郑州,0.001116348300669809
许昌,郑州,0.001116348300669809
南阳,郑州,0.00024807740014884643
驻马店,郑州,0.0
焦作,郑州,0.0
北京,石家庄,0.1185809972711486
上海,石家庄,0.013024063507814439
深圳,石家庄,0.010667328206400397
天津,石家庄,0.002232696601339618
杭州,石家庄,0.0007442322004465393
苏州,石家庄,0.0
南京,石家庄,0.0006201935003721161
成都,石家庄,0.004341354502604812
无锡,石家庄,0.0
青岛,石家庄,0.00024807740014884643
大连,石家庄,0.0
南通,石家庄,0.0
温州,石家庄,0.00012403870007442322
廊坊,石家庄,0.0004961548002976929
唐山,石家庄,0.00012403870007442322
保定,石家庄,0.00012403870007442322
呼和浩特,石家庄,0.0016125031009675019
邯郸,石家庄,0.0004961548002976929
东营,石家庄,0.00012403870007442322
张家口,石家庄,0.0
沧州,石家庄,0.0008682709005209626
邢台,石家庄,0.0012403870007442323
北京,西安,0.11275117836765071
上海,西安,0.04390969982634582
深圳,西安,0.05507318283304391
广州,西安,0.004341354502604812
杭州,西安,0.005705780203423468
苏州,西安,0.004341354502604812
宁波,西安,0.00012403870007442322
拉萨,西安,0.0006201935003721161
成都,西安,0.004961548002976929
福州,西安,0.0
无锡,西安,0.0
重庆,西安,0.0017365418010419251
嘉兴,西安,0.00012403870007442322
武汉,西安,0.0027288514016373107
郑州,西安,0.001116348300669809
石家庄,西安,0.0006201935003721161
珠海,西安,0.0009923096005953857
济南,西安,0.0
青岛,西安,0.0009923096005953857
常州,西安,0.00012403870007442322
兰州,西安,0.0017365418010419251
渭南,西安,0.002852890101711734
咸阳,西安,0.0018605805011163482
秦皇岛,西安,0.0004961548002976929
宝鸡,西安,0.0009923096005953857
延安,西安,0.0008682709005209626
运城,西安,0.0004961548002976929
安康,西安,0.0
北京,济南,0.10766559166459935
上海,济南,0.03671545522202927
深圳,济南,0.020962540312577525
广州,济南,0.0013644257008186553
天津,济南,0.0037211610022326964
杭州,济南,0.0053336641032001985
宁波,济南,0.0006201935003721161
南京,济南,0.0014884644008930786
成都,济南,0.0006201935003721161
重庆,济南,0.0
嘉兴,济南,0.00024807740014884643
石家庄,济南,0.0006201935003721161
青岛,济南,0.01699330191019598
合肥,济南,0.0
大连,济南,0.00024807740014884643
沈阳,济南,0.00012403870007442322
金华,济南,0.00037211610022326965
唐山,济南,0.00012403870007442322
潍坊,济南,0.007938476804763086
烟台,济南,0.004837509302902505
临沂,济南,0.0014884644008930786
淄博,济南,0.0016125031009675019
德州,济南,0.0023567353014140413
聊城,济南,0.0014884644008930786
日照,济南,0.0
秦皇岛,济南,0.00012403870007442322
济宁,济南,0.0016125031009675019
泰安,济南,0.0013644257008186553
滨州,济南,0.00037211610022326965
威海,济南,0.0006201935003721161
菏泽,济南,0.00024807740014884643
北京,沈阳,0.10605308856363185
上海,沈阳,0.032622178119573304
深圳,沈阳,0.018977921111386752
广州,沈阳,0.0032250062019350038
天津,沈阳,0.002232696601339618
杭州,沈阳,0.0009923096005953857
苏州,沈阳,0.00012403870007442322
拉萨,沈阳,0.00012403870007442322
南京,沈阳,0.00012403870007442322
福州,沈阳,0.00012403870007442322
重庆,沈阳,0.00012403870007442322
石家庄,沈阳,0.0016125031009675019
珠海,沈阳,0.0006201935003721161
青岛,沈阳,0.00012403870007442322
大连,沈阳,0.024931778714959066
哈尔滨,沈阳,0.00024807740014884643
泉州,沈阳,0.0
海口,沈阳,0.00037211610022326965
长春,沈阳,0.0009923096005953857
泰州,沈阳,0.00024807740014884643
漳州,沈阳,0.0
抚顺,沈阳,0.0021086579012651947
秦皇岛,沈阳,0.0009923096005953857
锦州,沈阳,0.00012403870007442322
铁岭,沈阳,0.00024807740014884643
辽阳,沈阳,0.0004961548002976929
鞍山,沈阳,0.00012403870007442322
葫芦岛,沈阳,0.00012403870007442322
北京,长沙,0.102580004961548
上海,长沙,0.04775489952865294
深圳,长沙,0.07293475564376085
广州,长沙,0.013024063507814439
天津,长沙,0.0009923096005953857
杭州,长沙,0.006325973703795584
宁波,长沙,0.0016125031009675019
拉萨,长沙,0.0017365418010419251
南京,长沙,0.0009923096005953857
东莞,长沙,0.0007442322004465393
成都,长沙,0.0014884644008930786
福州,长沙,0.0006201935003721161
无锡,长沙,0.0
重庆,长沙,0.0004961548002976929
武汉,长沙,0.00731828330439097
石家庄,长沙,0.00012403870007442322
珠海,长沙,0.0027288514016373107
青岛,长沙,0.00012403870007442322
大连,长沙,0.00012403870007442322
南昌,长沙,0.00012403870007442322
新余,长沙,0.00012403870007442322
金华,长沙,0.0
中山,长沙,0.00024807740014884643
宜春,长沙,0.00024807740014884643
湘潭,长沙,0.0035971223021582736
益阳,长沙,0.0018605805011163482
娄底,长沙,0.0014884644008930786
株洲,长沙,0.0014884644008930786
岳阳,长沙,0.0013644257008186553
常德,长沙,0.0012403870007442323
衡阳,长沙,0.0009923096005953857
怀化,长沙,0.0004961548002976929
邵阳,长沙,0.00012403870007442322
北京,廊坊,0.09464152815678492
上海,廊坊,0.001116348300669809
深圳,廊坊,0.001116348300669809
天津,廊坊,0.0009923096005953857
石家庄,廊坊,0.002976928801786157
保定,廊坊,0.0006201935003721161
北京,拉萨,0.09302902505581742
上海,拉萨,0.030513520218308113
深圳,拉萨,0.016000992309600594
广州,拉萨,0.003969238402381543
天津,拉萨,0.003349044902009427
杭州,拉萨,0.0013644257008186553
南京,拉萨,0.00012403870007442322
成都,拉萨,0.01662118580997271
福州,拉萨,0.00012403870007442322
重庆,拉萨,0.0007442322004465393
西安,拉萨,0.0008682709005209626
长沙,拉萨,0.00024807740014884643
合肥,拉萨,0.0016125031009675019
佛山,拉萨,0.00037211610022326965
乌鲁木齐,拉萨,0.00037211610022326965
昆明,拉萨,0.0016125031009675019
芜湖,拉萨,0.00012403870007442322
鞍山,拉萨,0.00012403870007442322
北京,重庆,0.08794343835276607
上海,重庆,0.043289506325973705
深圳,重庆,0.04973951872984371
广州,重庆,0.006325973703795584
天津,重庆,0.0017365418010419251
杭州,重庆,0.0035971223021582736
苏州,重庆,0.004837509302902505
宁波,重庆,0.0006201935003721161
东莞,重庆,0.0012403870007442323
成都,重庆,0.01935003721161002
福州,重庆,0.00012403870007442322
无锡,重庆,0.0004961548002976929
武汉,重庆,0.0014884644008930786
珠海,重庆,0.00024807740014884643
西安,重庆,0.00012403870007442322
长沙,重庆,0.0
常州,重庆,0.00012403870007442322
哈尔滨,重庆,0.00012403870007442322
昆明,重庆,0.00012403870007442322
达州,重庆,0.00024807740014884643
芜湖,重庆,0.00012403870007442322
秦皇岛,重庆,0.0007442322004465393
北京,合肥,0.08484247085090549
上海,合肥,0.06710493674026297
深圳,合肥,0.035475068221285044
广州,合肥,0.0019846192011907715
天津,合肥,0.0008682709005209626
杭州,合肥,0.012775986107665591
苏州,合肥,0.00731828330439097
宁波,合肥,0.0019846192011907715
拉萨,合肥,0.0018605805011163482
南京,合肥,0.009054825105432896
东莞,合肥,0.00012403870007442322
成都,合肥,0.0
无锡,合肥,0.00012403870007442322
重庆,合肥,0.0012403870007442323
厦门,合肥,0.0024807740014884646
武汉,合肥,0.010915405606549243
郑州,合肥,0.0007442322004465393
济南,合肥,0.0
长沙,合肥,0.0
南通,合肥,0.00012403870007442322
佛山,合肥,0.00012403870007442322
常州,合肥,0.00012403870007442322
南昌,合肥,0.0009923096005953857
芜湖,合肥,0.007070205904242123
安庆,合肥,0.0016125031009675019
六安,合肥,0.002976928801786157
淮北,合肥,0.0
滁州,合肥,0.0018605805011163482
秦皇岛,合肥,0.00012403870007442322
阜阳,合肥,0.0013644257008186553
蚌埠,合肥,0.0004961548002976929
安阳,合肥,0.00012403870007442322
亳州,合肥,0.0006201935003721161
宿州,合肥,0.0
池州,合肥,0.00012403870007442322
北京,哈尔滨,0.07876457454725874
上海,哈尔滨,0.01500868270900521
深圳,哈尔滨,0.010915405606549243
广州,哈尔滨,0.00012403870007442322
天津,哈尔滨,0.0017365418010419251
杭州,哈尔滨,0.0006201935003721161
苏州,哈尔滨,0.00012403870007442322
南京,哈尔滨,0.00012403870007442322
成都,哈尔滨,0.00012403870007442322
武汉,哈尔滨,0.00012403870007442322
大连,哈尔滨,0.0023567353014140413
沈阳,哈尔滨,0.00012403870007442322
长春,哈尔滨,0.0018605805011163482
齐齐哈尔,哈尔滨,0.0031009675018605805
秦皇岛,哈尔滨,0.00037211610022326965
佳木斯,哈尔滨,0.0012403870007442323
绥化,哈尔滨,0.0008682709005209626
大庆,哈尔滨,0.0006201935003721161
北京,无锡,0.07541552964524932
上海,无锡,0.12106177127263706
深圳,无锡,0.01959811461175887
广州,无锡,0.0014884644008930786
天津,无锡,0.0013644257008186553
杭州,无锡,0.005829818903497892
苏州,无锡,0.01972215331183329
宁波,无锡,0.0016125031009675019
拉萨,无锡,0.0013644257008186553
南京,无锡,0.02158273381294964
成都,无锡,0.0007442322004465393
嘉兴,无锡,0.0007442322004465393
厦门,无锡,0.00024807740014884643
珠海,无锡,0.0009923096005953857
青岛,无锡,0.00012403870007442322
西安,无锡,0.0006201935003721161
佛山,无锡,0.00024807740014884643
常州,无锡,0.005457702803274621
哈尔滨,无锡,0.001116348300669809
新余,无锡,0.00012403870007442322
台州,无锡,0.0004961548002976929
泰州,无锡,0.00012403870007442322
吉安,无锡,0.00012403870007442322
扬州,无锡,0.0
西宁,无锡,0.0
中卫,无锡,0.00037211610022326965
北京,太原,0.07330687174398412
上海,太原,0.016745224510047136
深圳,太原,0.00731828330439097
广州,太原,0.0021086579012651947
杭州,太原,0.00037211610022326965
拉萨,太原,0.00012403870007442322
南京,太原,0.0006201935003721161
郑州,太原,0.0
石家庄,太原,0.0012403870007442323
西安,太原,0.00012403870007442322
大连,太原,0.0
新余,太原,0.00024807740014884643
金华,太原,0.00024807740014884643
晋中,太原,0.0014884644008930786
长治,太原,0.001116348300669809
吕梁,太原,0.0006201935003721161
运城,太原,0.00037211610022326965
呼伦贝尔,太原,0.0004961548002976929
北京,厦门,0.07119821384271893
上海,厦门,0.048375093029025054
深圳,厦门,0.03671545522202927
广州,厦门,0.004093277102455967
天津,厦门,0.0018605805011163482
杭州,厦门,0.004093277102455967
宁波,厦门,0.00012403870007442322
拉萨,厦门,0.0017365418010419251
福州,厦门,0.02282312081369387
武汉,厦门,0.00024807740014884643
珠海,厦门,0.00024807740014884643
西安,厦门,0.003349044902009427
长沙,厦门,0.0
泉州,厦门,0.023939469114363683
中山,厦门,0.0004961548002976929
漳州,厦门,0.0034730836020838503
龙岩,厦门,0.0004961548002976929
北京,珠海,0.06450012403870008
上海,珠海,0.017985611510791366
深圳,珠海,0.08236169684941702
广州,珠海,0.06698089804018854
天津,珠海,0.005209625403125776
杭州,珠海,0.0016125031009675019
苏州,珠海,0.0016125031009675019
宁波,珠海,0.00037211610022326965
拉萨,珠海,0.002976928801786157
东莞,珠海,0.0016125031009675019
成都,珠海,0.00012403870007442322
厦门,珠海,0.00012403870007442322
武汉,珠海,0.00037211610022326965
郑州,珠海,0.0007442322004465393
长沙,珠海,0.0012403870007442323
佛山,珠海,0.0024807740014884646
乌鲁木齐,珠海,0.00024807740014884643
南昌,珠海,0.0017365418010419251
新余,珠海,0.00024807740014884643
太原,珠海,0.00012403870007442322
中山,珠海,0.002232696601339618
汕头,珠海,0.0004961548002976929
贵阳,珠海,0.0008682709005209626
芜湖,珠海,0.0017365418010419251
漳州,珠海,0.00024807740014884643
江门,珠海,0.0012403870007442323
茂名,珠海,0.001116348300669809
梅州,珠海,0.00012403870007442322
阳江,珠海,0.00024807740014884643
北京,保定,0.06338377573803027
天津,保定,0.003349044902009427
成都,保定,0.00037211610022326965
石家庄,保定,0.012900024807740015
廊坊,保定,0.0017365418010419251
中山,保定,0.0
北京,大连,0.06102704043661623
上海,大连,0.025179856115107913
深圳,大连,0.008806747705284048
天津,大连,0.0007442322004465393
杭州,大连,0.00012403870007442322
石家庄,大连,0.00012403870007442322
济南,大连,0.00037211610022326965
乌鲁木齐,大连,0.00012403870007442322
沈阳,大连,0.00967501860580501
长春,大连,0.0007442322004465393
营口,大连,0.0012403870007442323
盘锦,大连,0.00012403870007442322
本溪,大连,0.0
北京,乌鲁木齐,0.060654924336392954
上海,乌鲁木齐,0.018233688910940214
深圳,乌鲁木齐,0.012031753907219053
广州,乌鲁木齐,0.0012403870007442323
天津,乌鲁木齐,0.001116348300669809
杭州,乌鲁木齐,0.0013644257008186553
宁波,乌鲁木齐,0.00012403870007442322
拉萨,乌鲁木齐,0.0004961548002976929
成都,乌鲁木齐,0.0007442322004465393
福州,乌鲁木齐,0.00037211610022326965
重庆,乌鲁木齐,0.00012403870007442322
武汉,乌鲁木齐,0.00012403870007442322
威海,乌鲁木齐,0.00012403870007442322
枣庄,乌鲁木齐,0.0
克拉玛依,乌鲁木齐,0.00012403870007442322
北京,烟台,0.06003473083602084
上海,烟台,0.024435623914661374
深圳,烟台,0.007442322004465393
天津,烟台,0.00012403870007442322
拉萨,烟台,0.00024807740014884643
成都,烟台,0.0
石家庄,烟台,0.0017365418010419251
济南,烟台,0.008930786405358472
青岛,烟台,0.01575291490945175
淄博,烟台,0.0012403870007442323
北海,烟台,0.00012403870007442322
北京,昆明,0.054825105432895066
上海,昆明,0.019846192011907716
深圳,昆明,0.027040436616224264
广州,昆明,0.0021086579012651947
杭州,昆明,0.0018605805011163482
苏州,昆明,0.0006201935003721161
拉萨,昆明,0.00037211610022326965
成都,昆明,0.007194244604316547
福州,昆明,0.00024807740014884643
重庆,昆明,0.002852890101711734
长沙,昆明,0.001116348300669809
保山,昆明,0.0004961548002976929
淮安,昆明,0.00012403870007442322
玉溪,昆明,0.0019846192011907715
曲靖,昆明,0.0012403870007442323
昭通,昆明,0.00024807740014884643
丽江,昆明,0.00012403870007442322
普洱,昆明,0.00012403870007442322
临沧,昆明,0.0
北京,唐山,0.05271644753162987
深圳,唐山,0.00037211610022326965
天津,唐山,0.0042173158025303895
石家庄,唐山,0.007070205904242123
珠海,唐山,0.00012403870007442322
青岛,唐山,0.0
大连,唐山,0.0
邯郸,唐山,0.00012403870007442322
承德,唐山,0.0004961548002976929
秦皇岛,唐山,0.00012403870007442322
北京,长春,0.05147606053088564
上海,长春,0.012155792607293476
深圳,长春,0.0075663607045398165
广州,长春,0.00024807740014884643
天津,长春,0.0
大连,长春,0.00024807740014884643
哈尔滨,长春,0.00012403870007442322
沈阳,长春,0.0032250062019350038
太原,长春,0.00024807740014884643
四平,长春,0.0008682709005209626
聊城,长春,0.00012403870007442322
秦皇岛,长春,0.00024807740014884643
吉林,长春,0.0012403870007442323
松原,长春,0.0007442322004465393
白山,长春,0.0004961548002976929
北京,芜湖,0.0453981642272389
上海,芜湖,0.04043661622426197
深圳,芜湖,0.01810965021086579
广州,芜湖,0.0012403870007442323
天津,芜湖,0.005457702803274621
杭州,芜湖,0.0037211610022326964
苏州,芜湖,0.0034730836020838503
拉萨,芜湖,0.0038451997023071197
南京,芜湖,0.005209625403125776
无锡,芜湖,0.0006201935003721161
重庆,芜湖,0.005581741503349045
武汉,芜湖,0.0004961548002976929
郑州,芜湖,0.00012403870007442322
合肥,芜湖,0.04105680972463409
佛山,芜湖,0.0014884644008930786
常州,芜湖,0.0004961548002976929
南昌,芜湖,0.0035971223021582736
金华,芜湖,0.0004961548002976929
上饶,芜湖,0.004093277102455967
盐城,芜湖,0.0004961548002976929
安庆,芜湖,0.0004961548002976929
六安,芜湖,0.0021086579012651947
马鞍山,芜湖,0.0023567353014140413
滁州,芜湖,0.0008682709005209626
铜陵,芜湖,0.0018605805011163482
宣城,芜湖,0.0017365418010419251
秦皇岛,芜湖,0.00024807740014884643
阜阳,芜湖,0.0006201935003721161
蚌埠,芜湖,0.00012403870007442322
宿州,芜湖,0.00024807740014884643
北京,福州,0.04477797072686678
上海,福州,0.03584718432150831
深圳,福州,0.018729843711237905
广州,福州,0.004589431902753659
天津,福州,0.001116348300669809
杭州,福州,0.002604812701562888
苏州,福州,0.00012403870007442322
宁波,福州,0.0008682709005209626
拉萨,福州,0.00037211610022326965
南京,福州,0.00012403870007442322
成都,福州,0.00012403870007442322
重庆,福州,0.00024807740014884643
嘉兴,福州,0.0004961548002976929
厦门,福州,0.030389481518233688
石家庄,福州,0.00012403870007442322
珠海,福州,0.00024807740014884643
佛山,福州,0.00037211610022326965
湖州,福州,0.00012403870007442322
泉州,福州,0.006201935003721161
宜春,福州,0.00012403870007442322
漳州,福州,0.0007442322004465393
南平,福州,0.0009923096005953857
宁德,福州,0.0007442322004465393
三明,福州,0.00012403870007442322
北京,海口,0.04353758372612255
上海,海口,0.009799057305879435
深圳,海口,0.010915405606549243
广州,海口,0.005209625403125776
天津,海口,0.0014884644008930786
杭州,海口,0.0012403870007442323
拉萨,海口,0.003349044902009427
成都,海口,0.0007442322004465393
重庆,海口,0.00012403870007442322
长沙,海口,0.00012403870007442322
金华,海口,0.00012403870007442322
长春,海口,0.0014884644008930786
三亚,海口,0.0017365418010419251
北京,张家口,0.04180104192508063
上海,张家口,0.005581741503349045
苏州,张家口,0.00012403870007442322
拉萨,张家口,0.0018605805011163482
南京,张家口,0.0037211610022326964
无锡,张家口,0.00012403870007442322
石家庄,张家口,0.008310592904986355
舟山,张家口,0.0
呼和浩特,张家口,0.00012403870007442322
枣庄,张家口,0.00024807740014884643
北京,呼和浩特,0.04130488712478293
上海,呼和浩特,0.005953857603572314
深圳,呼和浩特,0.002976928801786157
天津,呼和浩特,0.0006201935003721161
石家庄,呼和浩特,0.00012403870007442322
青岛,呼和浩特,0.0
镇江,呼和浩特,0.0
鄂尔多斯,呼和浩特,0.0013644257008186553
包头,呼和浩特,0.0014884644008930786
乌兰察布,呼和浩特,0.0
北京,银川,0.0384519970230712
上海,银川,0.007070205904242123
深圳,银川,0.005209625403125776
天津,银川,0.0006201935003721161
拉萨,银川,0.002604812701562888
成都,银川,0.00012403870007442322
无锡,银川,0.0
西安,银川,0.0024807740014884646
长沙,银川,0.00037211610022326965
乌鲁木齐,银川,0.0019846192011907715
哈尔滨,银川,0.0
兰州,银川,0.00012403870007442322
芜湖,银川,0.00012403870007442322
齐齐哈尔,银川,0.0
吴忠,银川,0.0024807740014884646
中卫,银川,0.00012403870007442322
泰安,银川,0.0
石嘴山,银川,0.0014884644008930786
北京,南昌,0.03832795832299678
上海,南昌,0.03857603572314562
深圳,南昌,0.033614487720168694
广州,南昌,0.0016125031009675019
天津,南昌,0.0006201935003721161
杭州,南昌,0.0035971223021582736
宁波,南昌,0.0012403870007442323
南京,南昌,0.0006201935003721161
东莞,南昌,0.0006201935003721161
福州,南昌,0.0
厦门,南昌,0.0006201935003721161
武汉,南昌,0.007690399404614239
长沙,南昌,0.0014884644008930786
合肥,南昌,0.0
海口,南昌,0.0
九江,南昌,0.0023567353014140413
抚州,南昌,0.0006201935003721161
宜春,南昌,0.0038451997023071197
赣州,南昌,0.00012403870007442322
北京,常州,0.037087571322252544
上海,常州,0.05060778963036467
深圳,常州,0.010667328206400397
天津,常州,0.0006201935003721161
杭州,常州,0.0008682709005209626
苏州,常州,0.009923096005953858
宁波,常州,0.0009923096005953857
拉萨,常州,0.0018605805011163482
南京,常州,0.013024063507814439
东莞,常州,0.00012403870007442322
无锡,常州,0.004341354502604812
青岛,常州,0.00012403870007442322
温州,常州,0.00012403870007442322
宣城,常州,0.00024807740014884643
营口,常州,0.00012403870007442322
北京,新余,0.036095261721657154
上海,新余,0.045894319027536594
深圳,新余,0.053832795832299676
广州,新余,0.003969238402381543
天津,新余,0.0009923096005953857
杭州,新余,0.020218308112130986
宁波,新余,0.0018605805011163482
拉萨,新余,0.00024807740014884643
南京,新余,0.00806251550483751
东莞,新余,0.0
无锡,新余,0.0009923096005953857
重庆,新余,0.00012403870007442322
厦门,新余,0.0024807740014884646
武汉,新余,0.00024807740014884643
郑州,新余,0.00024807740014884643
石家庄,新余,0.00037211610022326965
珠海,新余,0.00012403870007442322
青岛,新余,0.003349044902009427
长沙,新余,0.0007442322004465393
佛山,新余,0.00037211610022326965
南昌,新余,0.0006201935003721161
南宁,新余,0.00012403870007442322
昆明,新余,0.0009923096005953857
北京,潍坊,0.03510295212106177
上海,潍坊,0.006946167204167701
深圳,潍坊,0.0032250062019350038
天津,潍坊,0.0
杭州,潍坊,0.00037211610022326965
苏州,潍坊,0.0
石家庄,潍坊,0.002232696601339618
济南,潍坊,0.01314810220788886
青岛,潍坊,0.018977921111386752
烟台,潍坊,0.001116348300669809
临沂,潍坊,0.0
淄博,潍坊,0.0027288514016373107
日照,潍坊,0.00012403870007442322
北京,南宁,0.03336641032001984
上海,南宁,0.014016373108409823
深圳,南宁,0.037087571322252544
广州,南宁,0.011907715207144629
天津,南宁,0.00024807740014884643
杭州,南宁,0.0014884644008930786
苏州,南宁,0.00012403870007442322
拉萨,南宁,0.00024807740014884643
成都,南宁,0.0004961548002976929
福州,南宁,0.0009923096005953857
重庆,南宁,0.0009923096005953857
厦门,南宁,0.00012403870007442322
武汉,南宁,0.004837509302902505
长沙,南宁,0.00012403870007442322
柳州,南宁,0.004589431902753659
桂林,南宁,0.0016125031009675019
玉林,南宁,0.0012403870007442323
防城港,南宁,0.0007442322004465393
崇左,南宁,0.00037211610022326965
北海,南宁,0.00012403870007442322
来宾,南宁,0.00012403870007442322
北京,九江,0.03299429421979658
上海,九江,0.018729843711237905
深圳,九江,0.03783180352269908
广州,九江,0.0018605805011163482
天津,九江,0.0004961548002976929
杭州,九江,0.0007442322004465393
苏州,九江,0.00024807740014884643
宁波,九江,0.0006201935003721161
拉萨,九江,0.00024807740014884643
重庆,九江,0.0007442322004465393
嘉兴,九江,0.0
武汉,九江,0.00012403870007442322
青岛,九江,0.00024807740014884643
大连,九江,0.002852890101711734
佛山,九江,0.00037211610022326965
南昌,九江,0.017737534110642522
南宁,九江,0.00024807740014884643
宜春,九江,0.00012403870007442322
鹰潭,九江,0.0
上饶,九江,0.00012403870007442322
扬州,九江,0.0
北京,金华,0.029149094517489458
上海,金华,0.031877945919126766
深圳,金华,0.0035971223021582736
广州,金华,0.00012403870007442322
天津,金华,0.00037211610022326965
杭州,金华,0.05420491193252295
宁波,金华,0.006822128504093277
拉萨,金华,0.00012403870007442322
南京,金华,0.0013644257008186553
嘉兴,金华,0.00024807740014884643
湖州,金华,0.00012403870007442322
马鞍山,金华,0.00012403870007442322
北海,金华,0.00024807740014884643
北京,贵阳,0.027412552716447533
上海,贵阳,0.00731828330439097
深圳,贵阳,0.006946167204167701
广州,贵阳,0.0007442322004465393
杭州,贵阳,0.00012403870007442322
拉萨,贵阳,0.00012403870007442322
成都,贵阳,0.00012403870007442322
重庆,贵阳,0.002232696601339618
青岛,贵阳,0.00012403870007442322
温州,贵阳,0.00012403870007442322
南宁,贵阳,0.00037211610022326965
昆明,贵阳,0.00012403870007442322
遵义,贵阳,0.0012403870007442323
毕节,贵阳,0.0006201935003721161
毕节,贵阳,0.0006201935003721161
安顺,贵阳,0.00012403870007442322
北京,沧州,0.02654428181592657
天津,沧州,0.0008682709005209626
无锡,沧州,0.0
石家庄,沧州,0.007442322004465393
九江,沧州,0.0008682709005209626
潍坊,沧州,0.00012403870007442322
北京,承德,0.02629620441577772
深圳,承德,0.00012403870007442322
苏州,承德,0.00012403870007442322
石家庄,承德,0.0024807740014884646
保定,承德,0.00012403870007442322
张家口,承德,0.00012403870007442322
秦皇岛,承德,0.0
北京,湖州,0.024187546514512527
上海,湖州,0.05978665343587199
深圳,湖州,0.004961548002976929
天津,湖州,0.0
杭州,湖州,0.13929546018357727
苏州,湖州,0.004465393202679236
宁波,湖州,0.006325973703795584
拉萨,湖州,0.0009923096005953857
嘉兴,湖州,0.004465393202679236
石家庄,湖州,0.00024807740014884643
珠海,湖州,0.0016125031009675019
济南,湖州,0.00024807740014884643
绍兴,湖州,0.0004961548002976929
温州,湖州,0.0034730836020838503
长春,湖州,0.0023567353014140413
烟台,湖州,0.0007442322004465393
保定,湖州,0.00024807740014884643
常德,湖州,0.00012403870007442322
北京,南通,0.023815430414289258
上海,南通,0.10270404366162243
深圳,南通,0.007938476804763086
天津,南通,0.0006201935003721161
杭州,南通,0.002852890101711734
苏州,南通,0.010915405606549243
拉萨,南通,0.0007442322004465393
南京,南通,0.015380798809228479
无锡,南通,0.0024807740014884646
佛山,南通,0.0008682709005209626
镇江,南通,0.0009923096005953857
泰州,南通,0.00012403870007442322
盐城,南通,0.00037211610022326965
淮安,南通,0.0009923096005953857
北京,兰州,0.023815430414289258
上海,兰州,0.005705780203423468
深圳,兰州,0.007070205904242123
天津,兰州,0.00012403870007442322
杭州,兰州,0.00024807740014884643
宁波,兰州,0.0
成都,兰州,0.00024807740014884643
福州,兰州,0.0004961548002976929
武汉,兰州,0.00012403870007442322
西安,兰州,0.00037211610022326965
合肥,兰州,0.00012403870007442322
乌鲁木齐,兰州,0.00012403870007442322
淮安,兰州,0.00024807740014884643
白银,兰州,0.0017365418010419251
酒泉,兰州,0.0006201935003721161
陇南,兰州,0.00024807740014884643
定西,兰州,0.00012403870007442322
北京,邯郸,0.02282312081369387
上海,邯郸,0.001116348300669809
深圳,邯郸,0.00012403870007442322
苏州,邯郸,0.00024807740014884643
武汉,邯郸,0.00024807740014884643
石家庄,邯郸,0.007442322004465393
北京,鹰潭,0.022575043413545028
上海,鹰潭,0.011039444306623666
深圳,鹰潭,0.0037211610022326964
广州,鹰潭,0.0008682709005209626
杭州,鹰潭,0.0004961548002976929
拉萨,鹰潭,0.0008682709005209626
嘉兴,鹰潭,0.00037211610022326965
厦门,鹰潭,0.0006201935003721161
南昌,鹰潭,0.0017365418010419251
贵阳,鹰潭,0.00037211610022326965
上饶,鹰潭,0.00012403870007442322
赣州,鹰潭,0.00037211610022326965
北京,三亚,0.022078888613247333
上海,三亚,0.0042173158025303895
深圳,三亚,0.0023567353014140413
天津,三亚,0.00024807740014884643
成都,三亚,0.0
郑州,三亚,0.00012403870007442322
海口,三亚,0.012155792607293476
北京,临汾,0.020838501612503103
太原,临汾,0.00806251550483751
北京,包头,0.020342346812205408
上海,包头,0.002852890101711734
深圳,包头,0.0004961548002976929
苏州,包头,0.0
南京,包头,0.00024807740014884643
台州,包头,0.00012403870007442322
呼和浩特,包头,0.007070205904242123
北京,威海,0.02009426941205656
上海,威海,0.004093277102455967
深圳,威海,0.00012403870007442322
杭州,威海,0.0007442322004465393
重庆,威海,0.00012403870007442322
珠海,威海,0.00012403870007442322
济南,威海,0.007194244604316547
青岛,威海,0.003969238402381543
大连,威海,0.0007442322004465393
烟台,威海,0.0038451997023071197
临沂,威海,0.00012403870007442322
北京,呼伦贝尔,0.01885388241131233
呼和浩特,呼伦贝尔,0.0004961548002976929
北京,温州,0.01736541801041925
上海,温州,0.04961548002976929
深圳,温州,0.002852890101711734
天津,温州,0.00037211610022326965
杭州,温州,0.026048127015628877
苏州,温州,0.0023567353014140413
宁波,温州,0.0017365418010419251
南京,温州,0.00024807740014884643
成都,温州,0.0004961548002976929
哈尔滨,温州,0.00012403870007442322
保定,温州,0.00012403870007442322
北京,鄂尔多斯,0.016745224510047136
上海,鄂尔多斯,0.00012403870007442322
苏州,鄂尔多斯,0.00024807740014884643
东莞,鄂尔多斯,0.00012403870007442322
石家庄,鄂尔多斯,0.00012403870007442322
西安,鄂尔多斯,0.00024807740014884643
呼和浩特,鄂尔多斯,0.006822128504093277
包头,鄂尔多斯,0.0024807740014884646
北京,邢台,0.016000992309600594
上海,邢台,0.0
深圳,邢台,0.00012403870007442322
天津,邢台,0.0007442322004465393
苏州,邢台,0.0004961548002976929
石家庄,邢台,0.012527908707516746
张家口,邢台,0.00012403870007442322
北京,绍兴,0.015628876209377324
上海,绍兴,0.03683949392210369
深圳,绍兴,0.002852890101711734
杭州,绍兴,0.08831555445298933
宁波,绍兴,0.007938476804763086
南京,绍兴,0.00012403870007442322
成都,绍兴,0.0006201935003721161
嘉兴,绍兴,0.0027288514016373107
温州,绍兴,0.0
佛山,绍兴,0.00012403870007442322
湖州,绍兴,0.00037211610022326965
金华,绍兴,0.0007442322004465393
台州,绍兴,0.0
滁州,绍兴,0.00012403870007442322
衢州,绍兴,0.00012403870007442322
丽水,绍兴,0.00012403870007442322
北京,济宁,0.01500868270900521
上海,济宁,0.0042173158025303895
深圳,济宁,0.0007442322004465393
苏州,济宁,0.00012403870007442322
拉萨,济宁,0.00012403870007442322
南京,济宁,0.00037211610022326965
嘉兴,济宁,0.0
济南,济宁,0.015504837509302902
青岛,济宁,0.0012403870007442323
临沂,济宁,0.0
淄博,济宁,0.00037211610022326965
徐州,济宁,0.00012403870007442322
泰安,济宁,0.0006201935003721161
北京,秦皇岛,0.014884644008930786
上海,秦皇岛,0.00012403870007442322
深圳,秦皇岛,0.00012403870007442322
宁波,秦皇岛,0.00037211610022326965
石家庄,秦皇岛,0.002232696601339618
唐山,秦皇岛,0.00012403870007442322
北京,德州,0.01426445050855867
上海,德州,0.002976928801786157
深圳,德州,0.00037211610022326965
成都,德州,0.00012403870007442322
无锡,德州,0.00012403870007442322
石家庄,德州,0.0012403870007442323
济南,德州,0.018357727611014635
青岛,德州,0.0024807740014884646
潍坊,德州,0.0012403870007442323
烟台,德州,0.00024807740014884643
北京,宿迁,0.014016373108409823
上海,宿迁,0.010295212106177128
深圳,宿迁,0.0027288514016373107
天津,宿迁,0.00012403870007442322
杭州,宿迁,0.0018605805011163482
苏州,宿迁,0.005581741503349045
宁波,宿迁,0.0006201935003721161
南京,宿迁,0.00967501860580501
无锡,宿迁,0.00012403870007442322
嘉兴,宿迁,0.0023567353014140413
厦门,宿迁,0.0
绍兴,宿迁,0.00012403870007442322
廊坊,宿迁,0.001116348300669809
镇江,宿迁,0.0
泰州,宿迁,0.00012403870007442322
盐城,宿迁,0.0
徐州,宿迁,0.00012403870007442322
北京,徐州,0.013396179608037708
上海,徐州,0.015628876209377324
杭州,徐州,0.0023567353014140413
苏州,徐州,0.0024807740014884646
宁波,徐州,0.00024807740014884643
南京,徐州,0.012651947407591168
无锡,徐州,0.0004961548002976929
石家庄,徐州,0.00024807740014884643
常州,徐州,0.0
北京,洛阳,0.013396179608037708
上海,洛阳,0.004837509302902505
深圳,洛阳,0.0021086579012651947
拉萨,洛阳,0.00012403870007442322
郑州,洛阳,0.021210617712726372
商丘,洛阳,0.0
北京,临沂,0.013396179608037708
上海,临沂,0.007938476804763086
深圳,临沂,0.0012403870007442323
杭州,临沂,0.0
南京,临沂,0.00024807740014884643
石家庄,临沂,0.00024807740014884643
济南,临沂,0.011907715207144629
青岛,临沂,0.007442322004465393
潍坊,临沂,0.002232696601339618
淄博,临沂,0.0
宜昌,临沂,0.0
日照,临沂,0.00012403870007442322
滨州,临沂,0.00012403870007442322
威海,临沂,0.0
北京,淄博,0.013024063507814439
上海,淄博,0.0016125031009675019
深圳,淄博,0.0007442322004465393
石家庄,淄博,0.001116348300669809
济南,淄博,0.007814438104688662
青岛,淄博,0.002604812701562888
潍坊,淄博,0.0006201935003721161
北京,盐城,0.01153559910692136
上海,盐城,0.034482758620689655
深圳,盐城,0.0019846192011907715
天津,盐城,0.00012403870007442322
苏州,盐城,0.010171173406102704
宁波,盐城,0.0
南京,盐城,0.015256760109154057
无锡,盐城,0.0016125031009675019
嘉兴,盐城,0.00012403870007442322
南通,盐城,0.0017365418010419251
常州,盐城,0.00024807740014884643
扬州,盐城,0.00012403870007442322
北京,开封,0.01116348300669809
深圳,开封,0.00012403870007442322
郑州,开封,0.01612503100967502
宜昌,开封,0.00012403870007442322
信阳,开封,0.00037211610022326965
北京,滨州,0.01079136690647482
上海,滨州,0.00012403870007442322
天津,滨州,0.00012403870007442322
苏州,滨州,0.00024807740014884643
石家庄,滨州,0.00024807740014884643
济南,滨州,0.006822128504093277
青岛,滨州,0.0006201935003721161
淄博,滨州,0.0009923096005953857
东营,滨州,0.0006201935003721161
北京,达州,0.010667328206400397
成都,达州,0.019474075911684447
北京,赤峰,0.010419250806251551
深圳,赤峰,0.00012403870007442322
苏州,赤峰,0.00012403870007442322
石家庄,赤峰,0.0
呼和浩特,赤峰,0.0016125031009675019
北京,台州,0.009799057305879435
上海,台州,0.020590424212354255
深圳,台州,0.00024807740014884643
杭州,台州,0.027040436616224264
宁波,台州,0.004465393202679236
南京,台州,0.00012403870007442322
嘉兴,台州,0.0004961548002976929
温州,台州,0.00012403870007442322
金华,台州,0.00012403870007442322
常德,台州,0.00012403870007442322
北京,赣州,0.00967501860580501
上海,赣州,0.004961548002976929
深圳,赣州,0.020962540312577525
广州,赣州,0.0006201935003721161
天津,赣州,0.00024807740014884643
杭州,赣州,0.00024807740014884643
嘉兴,赣州,0.00012403870007442322
武汉,赣州,0.0016125031009675019
长沙,赣州,0.0009923096005953857
南昌,赣州,0.026048127015628877
新余,赣州,0.0013644257008186553
九江,赣州,0.0018605805011163482
抚州,赣州,0.0038451997023071197
宜春,赣州,0.0012403870007442323
鹰潭,赣州,0.0004961548002976929
上饶,赣州,0.006822128504093277
吉安,赣州,0.0064500124038700075
淮安,赣州,0.00012403870007442322
北京,吉林,0.009550979905730587
上海,吉林,0.0012403870007442323
深圳,吉林,0.0075663607045398165
武汉,吉林,0.00012403870007442322
长春,吉林,0.015132721409079633
北京,泰安,0.008806747705284048
上海,泰安,0.0008682709005209626
深圳,泰安,0.0007442322004465393
南京,泰安,0.00012403870007442322
石家庄,泰安,0.0004961548002976929
济南,泰安,0.00806251550483751
青岛,泰安,0.0006201935003721161
合肥,泰安,0.0
临沂,泰安,0.0
宿迁,泰安,0.0007442322004465393
菏泽,泰安,0.00024807740014884643
北京,泰州,0.008806747705284048
上海,泰州,0.02629620441577772
深圳,泰州,0.0019846192011907715
苏州,泰州,0.002852890101711734
宁波,泰州,0.00024807740014884643
南京,泰州,0.011907715207144629
无锡,泰州,0.0031009675018605805
绍兴,泰州,0.0
常州,泰州,0.0006201935003721161
扬州,泰州,0.0008682709005209626
北京,晋城,0.008186554204911933
上海,晋城,0.0004961548002976929
太原,晋城,0.0038451997023071197
长治,晋城,0.00012403870007442322
北京,菏泽,0.00806251550483751
上海,菏泽,0.0019846192011907715
深圳,菏泽,0.00024807740014884643
厦门,菏泽,0.0007442322004465393
石家庄,菏泽,0.00024807740014884643
珠海,菏泽,0.00012403870007442322
济南,菏泽,0.010915405606549243
临沂,菏泽,0.0
济宁,菏泽,0.0012403870007442323
泰安,菏泽,0.00012403870007442322
北京,新乡,0.0075663607045398165
深圳,新乡,0.0
郑州,新乡,0.017985611510791366
广安,新乡,0.00024807740014884643
北京,淮安,0.007194244604316547
上海,淮安,0.009302902505581741
深圳,淮安,0.0035971223021582736
杭州,淮安,0.0006201935003721161
苏州,淮安,0.0035971223021582736
南京,淮安,0.01972215331183329
无锡,淮安,0.0009923096005953857
南通,淮安,0.0006201935003721161
绍兴,淮安,0.00012403870007442322
常州,淮安,0.00012403870007442322
乌鲁木齐,淮安,0.0027288514016373107
泰州,淮安,0.0
盐城,淮安,0.0
北京,绥化,0.007194244604316547
大连,绥化,0.0007442322004465393
佛山,绥化,0.0
哈尔滨,绥化,0.01153559910692136
中卫,绥化,0.00024807740014884643
伊春,绥化,0.0008682709005209626
北京,宜春,0.006946167204167701
上海,宜春,0.009178863805507318
深圳,宜春,0.0037211610022326964
广州,宜春,0.002232696601339618
东莞,宜春,0.0009923096005953857
珠海,宜春,0.00024807740014884643
长沙,宜春,0.00012403870007442322
南昌,宜春,0.009178863805507318
新余,宜春,0.00012403870007442322
镇江,宜春,0.00024807740014884643
鹰潭,宜春,0.00012403870007442322
吉安,宜春,0.00012403870007442322
北京,镇江,0.006698089804018854
上海,镇江,0.04626643512775986
深圳,镇江,0.0027288514016373107
杭州,镇江,0.00012403870007442322
苏州,镇江,0.0013644257008186553
南京,镇江,0.027288514016373108
成都,镇江,0.00024807740014884643
无锡,镇江,0.0006201935003721161
厦门,镇江,0.00012403870007442322
南通,镇江,0.00012403870007442322
常州,镇江,0.002852890101711734
贵阳,镇江,0.0
芜湖,镇江,0.00012403870007442322
北京,十堰,0.006698089804018854
上海,十堰,0.00012403870007442322
武汉,十堰,0.010915405606549243
襄阳,十堰,0.00024807740014884643
随州,十堰,0.00024807740014884643
北京,东营,0.006698089804018854
上海,东营,0.00024807740014884643
苏州,东营,0.0
济南,东营,0.002976928801786157
青岛,东营,0.00024807740014884643
金华,东营,0.00012403870007442322
德州,东营,0.0
北京,巴彦淖尔,0.00657405110394443
呼和浩特,巴彦淖尔,0.005705780203423468
北京,扬州,0.00657405110394443
上海,扬州,0.017613495410568097
深圳,扬州,0.004465393202679236
苏州,扬州,0.0017365418010419251
南京,扬州,0.014512527908707516
无锡,扬州,0.0
北京,东莞,0.0064500124038700075
上海,东莞,0.009054825105432896
深圳,东莞,0.1046886628628132
广州,东莞,0.01997023071198214
苏州,东莞,0.0021086579012651947
珠海,东莞,0.00012403870007442322
鹰潭,东莞,0.00012403870007442322
北京,南阳,0.0064500124038700075
深圳,南阳,0.001116348300669809
南京,南阳,0.00012403870007442322
武汉,南阳,0.0018605805011163482
郑州,南阳,0.010915405606549243
北京,衡水,0.006325973703795584
石家庄,衡水,0.0053336641032001985
沧州,衡水,0.00012403870007442322
邢台,衡水,0.00024807740014884643
北京,大同,0.006325973703795584
上海,大同,0.00012403870007442322
深圳,大同,0.00012403870007442322
重庆,大同,0.00012403870007442322
石家庄,大同,0.00037211610022326965
太原,大同,0.008930786405358472
秦皇岛,大同,0.00024807740014884643
北京,酒泉,0.005705780203423468
上海,酒泉,0.00024807740014884643
深圳,酒泉,0.00012403870007442322
福州,酒泉,0.0
青岛,酒泉,0.00012403870007442322
南通,酒泉,0.00012403870007442322
兰州,酒泉,0.005829818903497892
北京,乌兰察布,0.005705780203423468
上海,乌兰察布,0.0007442322004465393
福州,乌兰察布,0.00024807740014884643
石家庄,乌兰察布,0.00024807740014884643
常州,乌兰察布,0.0
呼和浩特,乌兰察布,0.006698089804018854
运城,乌兰察布,0.00012403870007442322
北京,西宁,0.005705780203423468
上海,西宁,0.001116348300669809
深圳,西宁,0.0007442322004465393
拉萨,西宁,0.00012403870007442322
北京,襄阳,0.005457702803274621
上海,襄阳,0.0014884644008930786
深圳,襄阳,0.0038451997023071197
武汉,襄阳,0.03324237161994542
石家庄,襄阳,0.00012403870007442322
大连,襄阳,0.00024807740014884643
金华,襄阳,0.0007442322004465393
昆明,襄阳,0.0012403870007442323
十堰,襄阳,0.0019846192011907715
北京,大庆,0.0053336641032001985
上海,大庆,0.00024807740014884643
天津,大庆,0.00012403870007442322
哈尔滨,大庆,0.0037211610022326964
秦皇岛,大庆,0.00024807740014884643
北京,运城,0.005209625403125776
武汉,运城,0.00024807740014884643
石家庄,运城,0.0009923096005953857
南通,运城,0.00024807740014884643
太原,运城,0.009550979905730587
北京,营口,0.004961548002976929
上海,营口,0.00024807740014884643
杭州,营口,0.0007442322004465393
大连,营口,0.0032250062019350038
沈阳,营口,0.003349044902009427
辽阳,营口,0.0004961548002976929
七台河,营口,0.00024807740014884643
北京,枣庄,0.004961548002976929
上海,枣庄,0.00024807740014884643
深圳,枣庄,0.00012403870007442322
杭州,枣庄,0.0
成都,枣庄,0.0
石家庄,枣庄,0.0006201935003721161
济南,枣庄,0.004961548002976929
青岛,枣庄,0.00012403870007442322
潍坊,枣庄,0.0034730836020838503
北京,舟山,0.004837509302902505
上海,舟山,0.020714462912428677
深圳,舟山,0.0024807740014884646
天津,舟山,0.0006201935003721161
杭州,舟山,0.03671545522202927
苏州,舟山,0.00012403870007442322
宁波,舟山,0.009178863805507318
拉萨,舟山,0.0006201935003721161
绍兴,舟山,0.0012403870007442323
北京,黄冈,0.004837509302902505
上海,黄冈,0.00012403870007442322
深圳,黄冈,0.0012403870007442323
武汉,黄冈,0.03125775241875465
北京,佛山,0.004837509302902505
上海,佛山,0.004341354502604812
深圳,佛山,0.02344331431406599
广州,佛山,0.052840486231704294
天津,佛山,0.0012403870007442323
苏州,佛山,0.0
拉萨,佛山,0.0009923096005953857
东莞,佛山,0.0006201935003721161
惠州,佛山,0.00037211610022326965
长春,佛山,0.00012403870007442322
清远,佛山,0.00024807740014884643
肇庆,佛山,0.0013644257008186553
梅州,佛山,0.00012403870007442322
湛江,佛山,0.00012403870007442322
北京,衢州,0.004713470602828083
上海,衢州,0.0038451997023071197
深圳,衢州,0.00024807740014884643
杭州,衢州,0.024063507814438105
宁波,衢州,0.001116348300669809
南京,衢州,0.00012403870007442322
嘉兴,衢州,0.00012403870007442322
北京,上饶,0.004589431902753659
上海,上饶,0.004961548002976929
深圳,上饶,0.0023567353014140413
杭州,上饶,0.0031009675018605805
东莞,上饶,0.0004961548002976929
嘉兴,上饶,0.00024807740014884643
武汉,上饶,0.00012403870007442322
温州,上饶,0.00012403870007442322
南昌,上饶,0.008682709005209625
台州,上饶,0.0
九江,上饶,0.00012403870007442322
鹰潭,上饶,0.0
北京,齐齐哈尔,0.004465393202679236
深圳,齐齐哈尔,0.00024807740014884643
天津,齐齐哈尔,0.0
大连,齐齐哈尔,0.001116348300669809
哈尔滨,齐齐哈尔,0.009178863805507318
长春,齐齐哈尔,0.00012403870007442322
秦皇岛,齐齐哈尔,0.00012403870007442322
北京,泉州,0.004341354502604812
上海,泉州,0.006325973703795584
深圳,泉州,0.01153559910692136
广州,泉州,0.0
杭州,泉州,0.0
福州,泉州,0.013644257008186554
厦门,泉州,0.05420491193252295
漳州,泉州,0.00012403870007442322
赣州,泉州,0.00012403870007442322
北京,榆林,0.0042173158025303895
上海,榆林,0.0012403870007442323
苏州,榆林,0.0006201935003721161
西安,榆林,0.013892334408335401
银川,榆林,0.0
吴忠,榆林,0.00012403870007442322
北京,马鞍山,0.0042173158025303895
上海,马鞍山,0.008434631605060779
深圳,马鞍山,0.00024807740014884643
杭州,马鞍山,0.0
苏州,马鞍山,0.00037211610022326965
拉萨,马鞍山,0.00012403870007442322
南京,马鞍山,0.002232696601339618
福州,马鞍山,0.0
合肥,马鞍山,0.006946167204167701
乌鲁木齐,马鞍山,0.0017365418010419251
芜湖,马鞍山,0.00012403870007442322
北京,宜昌,0.003969238402381543
深圳,宜昌,0.001116348300669809
武汉,宜昌,0.05246837013148102
韶关,宜昌,0.00012403870007442322
北京,通辽,0.003969238402381543
上海,通辽,0.00012403870007442322
呼和浩特,通辽,0.002232696601339618
阜新,通辽,0.00012403870007442322
北京,晋中,0.003969238402381543
上海,晋中,0.0
石家庄,晋中,0.0004961548002976929
太原,晋中,0.021830811213098485
安庆,晋中,0.00024807740014884643
安阳,晋中,0.00012403870007442322
北京,聊城,0.003969238402381543
上海,聊城,0.0017365418010419251
深圳,聊城,0.00012403870007442322
杭州,聊城,0.001116348300669809
南京,聊城,0.00024807740014884643
石家庄,聊城,0.0007442322004465393
济南,聊城,0.010915405606549243
青岛,聊城,0.001116348300669809
常州,聊城,0.0
哈尔滨,聊城,0.00012403870007442322
潍坊,聊城,0.003349044902009427
北京,日照,0.0038451997023071197
上海,日照,0.002604812701562888
济南,日照,0.0023567353014140413
青岛,日照,0.0018605805011163482
临沂,日照,0.00012403870007442322
北京,锦州,0.0038451997023071197
厦门,锦州,0.00012403870007442322
大连,锦州,0.00037211610022326965
沈阳,锦州,0.0013644257008186553
邯郸,锦州,0.00012403870007442322
抚顺,锦州,0.00012403870007442322
丹东,锦州,0.00012403870007442322
北京,萍乡,0.0037211610022326964
上海,萍乡,0.0007442322004465393
深圳,萍乡,0.013892334408335401
广州,萍乡,0.00012403870007442322
长沙,萍乡,0.00012403870007442322
常州,萍乡,0.00012403870007442322
南昌,萍乡,0.002604812701562888
北京,牡丹江,0.0037211610022326964
上海,牡丹江,0.001116348300669809
哈尔滨,牡丹江,0.004341354502604812
北京,德阳,0.0037211610022326964
上海,德阳,0.0008682709005209626
深圳,德阳,0.00012403870007442322
成都,德阳,0.025551972215331183
太原,德阳,0.0
绵阳,德阳,0.0
曲靖,德阳,0.0
北京,驻马店,0.0035971223021582736
深圳,驻马店,0.00024807740014884643
郑州,驻马店,0.0075663607045398165
北京,宣城,0.0034730836020838503
上海,宣城,0.005953857603572314
深圳,宣城,0.0012403870007442323
杭州,宣城,0.0035971223021582736
苏州,宣城,0.00012403870007442322
南京,宣城,0.00012403870007442322
无锡,宣城,0.00012403870007442322
武汉,宣城,0.00037211610022326965
合肥,宣城,0.007814438104688662
湖州,宣城,0.0008682709005209626
芜湖,宣城,0.0004961548002976929
北京,安阳,0.003349044902009427
上海,安阳,0.00012403870007442322
深圳,安阳,0.00012403870007442322
郑州,安阳,0.005829818903497892
北京,衡阳,0.003349044902009427
上海,衡阳,0.00012403870007442322
深圳,衡阳,0.0009923096005953857
东莞,衡阳,0.0
长沙,衡阳,0.012900024807740015
淮安,衡阳,0.00012403870007442322
北京,平顶山,0.0032250062019350038
上海,平顶山,0.00012403870007442322
郑州,平顶山,0.01079136690647482
北京,盘锦,0.0032250062019350038
大连,盘锦,0.0014884644008930786
沈阳,盘锦,0.002976928801786157
抚顺,盘锦,0.00012403870007442322
北京,吴忠,0.0032250062019350038
常州,吴忠,0.0
银川,吴忠,0.029397171917638302
保定,吴忠,0.00012403870007442322
中卫,吴忠,0.0016125031009675019
固原,吴忠,0.00012403870007442322
北京,桂林,0.0031009675018605805
上海,桂林,0.0013644257008186553
深圳,桂林,0.004465393202679236
广州,桂林,0.0012403870007442323
成都,桂林,0.0
武汉,桂林,0.0
南宁,桂林,0.014760605308856364
柳州,桂林,0.0
北京,安庆,0.0031009675018605805
上海,安庆,0.0038451997023071197
深圳,安庆,0.0021086579012651947
武汉,安庆,0.0004961548002976929
合肥,安庆,0.01004713470602828
芜湖,安庆,0.0007442322004465393
池州,安庆,0.00012403870007442322
北京,荆门,0.0031009675018605805
上海,荆门,0.00012403870007442322
深圳,荆门,0.0006201935003721161
武汉,荆门,0.010543289506325973
北京,永州,0.002976928801786157
深圳,永州,0.001116348300669809
东莞,永州,0.00012403870007442322
长沙,永州,0.006201935003721161
云浮,永州,0.00012403870007442322
北京,内江,0.002976928801786157
成都,内江,0.00731828330439097
北京,黄石,0.002976928801786157
上海,黄石,0.00012403870007442322
深圳,黄石,0.0016125031009675019
武汉,黄石,0.02319523691391714
北京,广安,0.002852890101711734
成都,广安,0.006698089804018854
重庆,广安,0.002976928801786157
达州,广安,0.0007442322004465393
北京,葫芦岛,0.002852890101711734
沈阳,葫芦岛,0.0014884644008930786
抚顺,葫芦岛,0.00012403870007442322
自贡,葫芦岛,0.00012403870007442322
丹东,葫芦岛,0.00012403870007442322
锦州,葫芦岛,0.0007442322004465393
北京,咸阳,0.002852890101711734
苏州,咸阳,0.0012403870007442323
西安,咸阳,0.026420243115852147
北京,延安,0.0027288514016373107
西安,延安,0.007690399404614239
咸阳,延安,0.0004961548002976929
北京,遵义,0.0027288514016373107
上海,遵义,0.00037211610022326965
深圳,遵义,0.002232696601339618
重庆,遵义,0.0023567353014140413
长春,遵义,0.00012403870007442322
贵阳,遵义,0.009799057305879435
聊城,遵义,0.00012403870007442322
北京,绵阳,0.002604812701562888
上海,绵阳,0.0014884644008930786
深圳,绵阳,0.00012403870007442322
成都,绵阳,0.020838501612503103
重庆,绵阳,0.0004961548002976929
秦皇岛,绵阳,0.00024807740014884643
北京,鞍山,0.0023567353014140413
上海,鞍山,0.00012403870007442322
深圳,鞍山,0.00024807740014884643
厦门,鞍山,0.00012403870007442322
大连,鞍山,0.0019846192011907715
沈阳,鞍山,0.0021086579012651947
抚顺,鞍山,0.00024807740014884643
秦皇岛,鞍山,0.00012403870007442322
营口,鞍山,0.0016125031009675019
丹东,鞍山,0.0008682709005209626
锦州,鞍山,0.0004961548002976929
铁岭,鞍山,0.0007442322004465393
葫芦岛,鞍山,0.00024807740014884643
阜新,鞍山,0.00024807740014884643
盘锦,鞍山,0.00012403870007442322
北京,三门峡,0.0023567353014140413
杭州,三门峡,0.0
郑州,三门峡,0.0042173158025303895
中卫,三门峡,0.00012403870007442322
北京,惠州,0.0023567353014140413
深圳,惠州,0.08050111634830066
广州,惠州,0.007194244604316547
苏州,惠州,0.00012403870007442322
东莞,惠州,0.002976928801786157
北京,阜阳,0.0023567353014140413
上海,阜阳,0.0021086579012651947
深圳,阜阳,0.001116348300669809
苏州,阜阳,0.00012403870007442322
南京,阜阳,0.0013644257008186553
合肥,阜阳,0.014884644008930786
北京,宿州,0.002232696601339618
上海,宿州,0.004589431902753659
深圳,宿州,0.0006201935003721161
苏州,宿州,0.0
无锡,宿州,0.00037211610022326965
合肥,宿州,0.009054825105432896
芜湖,宿州,0.0
北京,丹东,0.002232696601339618
大连,丹东,0.0016125031009675019
沈阳,丹东,0.0004961548002976929
秦皇岛,丹东,0.00012403870007442322
北京,忻州,0.002232696601339618
上海,忻州,0.0006201935003721161
杭州,忻州,0.00024807740014884643
石家庄,忻州,0.00012403870007442322
西安,忻州,0.0
太原,忻州,0.007938476804763086
北京,漳州,0.002232696601339618
深圳,漳州,0.002852890101711734
福州,漳州,0.0038451997023071197
厦门,漳州,0.03758372612255024
泉州,漳州,0.0
汕头,漳州,0.0006201935003721161
潍坊,漳州,0.0
北京,白山,0.002232696601339618
深圳,白山,0.0007442322004465393
长春,白山,0.0027288514016373107
通化,白山,0.00012403870007442322
北京,许昌,0.002232696601339618
上海,许昌,0.0
郑州,许昌,0.009054825105432896
北京,六安,0.0021086579012651947
上海,六安,0.002852890101711734
深圳,六安,0.0006201935003721161
苏州,六安,0.0014884644008930786
武汉,六安,0.0016125031009675019
合肥,六安,0.015628876209377324
中山,六安,0.00037211610022326965
芜湖,六安,0.0004961548002976929
淮南,六安,0.0006201935003721161
北京,铜仁,0.0021086579012651947
北京,铜仁,0.0021086579012651947
深圳,铜仁,0.00024807740014884643
深圳,铜仁,0.00024807740014884643
贵阳,铜仁,0.0018605805011163482
贵阳,铜仁,0.0018605805011163482
北京,孝感,0.0021086579012651947
深圳,孝感,0.00024807740014884643
武汉,孝感,0.018729843711237905
泉州,孝感,0.0
中山,孝感,0.0004961548002976929
北京,定西,0.0021086579012651947
武汉,定西,0.0034730836020838503
兰州,定西,0.004837509302902505
北京,阳泉,0.0021086579012651947
太原,阳泉,0.002232696601339618
北京,抚州,0.0021086579012651947
上海,抚州,0.0014884644008930786
深圳,抚州,0.0004961548002976929
苏州,抚州,0.0
武汉,抚州,0.00037211610022326965
石家庄,抚州,0.00012403870007442322
南昌,抚州,0.006325973703795584
金华,抚州,0.00024807740014884643
北京,张掖,0.0021086579012651947
常州,张掖,0.00012403870007442322
南昌,张掖,0.0
兰州,张掖,0.0023567353014140413
酒泉,张掖,0.00024807740014884643
北京,株洲,0.0019846192011907715
上海,株洲,0.0006201935003721161
深圳,株洲,0.0009923096005953857
广州,株洲,0.00012403870007442322
长沙,株洲,0.01079136690647482
北京,信阳,0.0019846192011907715
深圳,信阳,0.0053336641032001985
郑州,信阳,0.007814438104688662
北京,朝阳,0.0019846192011907715
沈阳,朝阳,0.0012403870007442323
北京,长治,0.0018605805011163482
太原,长治,0.00657405110394443
北京,庆阳,0.0018605805011163482
西安,庆阳,0.00012403870007442322
兰州,庆阳,0.0017365418010419251
北京,咸宁,0.0018605805011163482
深圳,咸宁,0.00012403870007442322
武汉,咸宁,0.010667328206400397
大连,咸宁,0.00012403870007442322
台州,咸宁,0.00012403870007442322
宜昌,咸宁,0.0018605805011163482
北京,克拉玛依,0.0018605805011163482
乌鲁木齐,克拉玛依,0.0007442322004465393
北京,中山,0.0018605805011163482
上海,中山,0.009923096005953858
深圳,中山,0.016000992309600594
广州,中山,0.01079136690647482
珠海,中山,0.0023567353014140413
佛山,中山,0.0006201935003721161
哈尔滨,中山,0.00012403870007442322
北京,莱芜,0.0017365418010419251
济南,莱芜,0.0023567353014140413
北京,中卫,0.0016125031009675019
银川,中卫,0.0031009675018605805
固原,中卫,0.00024807740014884643
北京,吉安,0.0016125031009675019
上海,吉安,0.0019846192011907715
深圳,吉安,0.0064500124038700075
东莞,吉安,0.00024807740014884643
武汉,吉安,0.0
南昌,吉安,0.008186554204911933
赣州,吉安,0.00012403870007442322
北京,南平,0.0016125031009675019
上海,南平,0.0004961548002976929
深圳,南平,0.00037211610022326965
杭州,南平,0.00012403870007442322
南京,南平,0.005829818903497892
福州,南平,0.06809724634085834
厦门,南平,0.024559662614735796
泉州,南平,0.011411560406846936
北京,连云港,0.0014884644008930786
上海,连云港,0.0035971223021582736
深圳,连云港,0.0
天津,连云港,0.0
杭州,连云港,0.00024807740014884643
苏州,连云港,0.0006201935003721161
南京,连云港,0.006822128504093277
无锡,连云港,0.0
常州,连云港,0.00012403870007442322
临沂,连云港,0.00012403870007442322
北京,岳阳,0.0014884644008930786
上海,岳阳,0.0006201935003721161
深圳,岳阳,0.0006201935003721161
武汉,岳阳,0.0
长沙,岳阳,0.015876953609526172
北京,黄山,0.0014884644008930786
上海,黄山,0.002976928801786157
杭州,黄山,0.0007442322004465393
南京,黄山,0.0
合肥,黄山,0.0024807740014884646
绍兴,黄山,0.00012403870007442322
金华,黄山,0.00012403870007442322
北京,阿拉善盟,0.0013644257008186553
上海,阿拉善盟,0.00024807740014884643
呼和浩特,阿拉善盟,0.0009923096005953857
包头,阿拉善盟,0.0
乌海,阿拉善盟,0.00012403870007442322
北京,荆州,0.0012403870007442323
深圳,荆州,0.001116348300669809
杭州,荆州,0.0
无锡,荆州,0.00012403870007442322
武汉,荆州,0.018357727611014635
石家庄,荆州,0.00012403870007442322
沈阳,荆州,0.0006201935003721161
台州,荆州,0.0
宜昌,荆州,0.0013644257008186553
北京,亳州,0.0012403870007442323
上海,亳州,0.00024807740014884643
苏州,亳州,0.00012403870007442322
石家庄,亳州,0.00012403870007442322
合肥,亳州,0.009302902505581741
湖州,亳州,0.0007442322004465393
芜湖,亳州,0.00024807740014884643
滁州,亳州,0.00012403870007442322
宿州,亳州,0.00012403870007442322
北京,柳州,0.0012403870007442323
上海,柳州,0.0006201935003721161
深圳,柳州,0.0008682709005209626
广州,柳州,0.00012403870007442322
宁波,柳州,0.0
重庆,柳州,0.00012403870007442322
南宁,柳州,0.01935003721161002
北京,淮南,0.0012403870007442323
上海,淮南,0.0008682709005209626
南京,淮南,0.00012403870007442322
合肥,淮南,0.005953857603572314
六安,淮南,0.00012403870007442322
秦皇岛,淮南,0.00012403870007442322
湛江,淮南,0.0
北京,眉山,0.001116348300669809
成都,眉山,0.020342346812205408
北京,常德,0.001116348300669809
上海,常德,0.00012403870007442322
深圳,常德,0.0017365418010419251
苏州,常德,0.0006201935003721161
重庆,常德,0.00012403870007442322
长沙,常德,0.019846192011907716
株洲,常德,0.00012403870007442322
北京,商丘,0.001116348300669809
深圳,商丘,0.0
广州,商丘,0.00012403870007442322
郑州,商丘,0.010171173406102704
泉州,商丘,0.00024807740014884643
北京,濮阳,0.001116348300669809
上海,濮阳,0.0004961548002976929
郑州,濮阳,0.0018605805011163482
北京,随州,0.0009923096005953857
武汉,随州,0.0038451997023071197
北京,安顺,0.0009923096005953857
深圳,安顺,0.00012403870007442322
贵阳,安顺,0.002604812701562888
北京,钦州,0.0009923096005953857
深圳,钦州,0.00012403870007442322
南宁,钦州,0.008310592904986355
北京,辽源,0.0008682709005209626
长春,辽源,0.0006201935003721161
北京,娄底,0.0008682709005209626
深圳,娄底,0.00012403870007442322
长沙,娄底,0.007070205904242123
秦皇岛,娄底,0.00012403870007442322
北京,湘潭,0.0008682709005209626
深圳,湘潭,0.00012403870007442322
长沙,湘潭,0.012403870007442322
株洲,湘潭,0.00012403870007442322
北京,渭南,0.0008682709005209626
深圳,渭南,0.00012403870007442322
苏州,渭南,0.00024807740014884643
西安,渭南,0.017737534110642522
咸阳,渭南,0.00012403870007442322
北京,滁州,0.0008682709005209626
上海,滁州,0.006201935003721161
深圳,滁州,0.0009923096005953857
杭州,滁州,0.0007442322004465393
苏州,滁州,0.0013644257008186553
南京,滁州,0.009923096005953858
合肥,滁州,0.013520218308112132
芜湖,滁州,0.00037211610022326965
北京,泸州,0.0008682709005209626
深圳,泸州,0.00012403870007442322
成都,泸州,0.007938476804763086
重庆,泸州,0.0006201935003721161
西安,泸州,0.0
昆明,泸州,0.0006201935003721161
乐山,泸州,0.00012403870007442322
北京,佳木斯,0.0008682709005209626
福州,佳木斯,0.0
大连,佳木斯,0.0
哈尔滨,佳木斯,0.012775986107665591
抚州,佳木斯,0.007938476804763086
北京,攀枝花,0.0008682709005209626
成都,攀枝花,0.003969238402381543
北京,吕梁,0.0008682709005209626
深圳,吕梁,0.00012403870007442322
石家庄,吕梁,0.0004961548002976929
太原,吕梁,0.014512527908707516
北京,郴州,0.0007442322004465393
深圳,郴州,0.0012403870007442323
长沙,郴州,0.010667328206400397
徐州,郴州,0.00012403870007442322
北京,邵阳,0.0007442322004465393
长沙,邵阳,0.007194244604316547
北京,自贡,0.0007442322004465393
成都,自贡,0.005457702803274621
北京,朔州,0.0007442322004465393
太原,朔州,0.002852890101711734
北京,宁德,0.0007442322004465393
上海,宁德,0.0013644257008186553
福州,宁德,0.007814438104688662
泉州,宁德,0.0004961548002976929
北京,揭阳,0.0007442322004465393
深圳,揭阳,0.001116348300669809
北京,抚顺,0.0007442322004465393
深圳,抚顺,0.00024807740014884643
广州,抚顺,0.00024807740014884643
沈阳,抚顺,0.002604812701562888
秦皇岛,抚顺,0.00024807740014884643
北京,乌海,0.0007442322004465393
上海,乌海,0.00012403870007442322
呼和浩特,乌海,0.0006201935003721161
包头,乌海,0.0
阿拉善盟,乌海,0.00012403870007442322
北京,三明,0.0006201935003721161
深圳,三明,0.00024807740014884643
福州,三明,0.023939469114363683
厦门,三明,0.04130488712478293
西安,三明,0.0021086579012651947
泉州,三明,0.0019846192011907715
丽水,三明,0.0
北京,六盘水,0.0006201935003721161
成都,六盘水,0.00012403870007442322
重庆,六盘水,0.0009923096005953857
南昌,六盘水,0.00012403870007442322
昆明,六盘水,0.0004961548002976929
贵阳,六盘水,0.0064500124038700075
宜春,六盘水,0.00012403870007442322
泸州,六盘水,0.0004961548002976929
遵义,六盘水,0.00024807740014884643
北京,焦作,0.0006201935003721161
重庆,焦作,0.0
郑州,焦作,0.011039444306623666
安阳,焦作,0.001116348300669809
菏泽,焦作,0.0
北京,白银,0.0006201935003721161
武汉,白银,0.0016125031009675019
兰州,白银,0.004341354502604812
定西,白银,0.00012403870007442322
北京,黑河,0.0006201935003721161
武汉,黑河,0.00012403870007442322
哈尔滨,黑河,0.0034730836020838503
齐齐哈尔,黑河,0.0007442322004465393
北京,漯河,0.0006201935003721161
郑州,漯河,0.00024807740014884643
北京,兴安盟,0.0004961548002976929
呼和浩特,兴安盟,0.0
北京,白城,0.0004961548002976929
长春,白城,0.002976928801786157
北京,益阳,0.0004961548002976929
长沙,益阳,0.008434631605060779
北京,四平,0.00037211610022326965
长春,四平,0.004093277102455967
秦皇岛,四平,0.00024807740014884643
北京,淮北,0.00037211610022326965
上海,淮北,0.00037211610022326965
合肥,淮北,0.0024807740014884646
南昌,淮北,0.00012403870007442322
宿州,淮北,0.00012403870007442322
北京,石嘴山,0.00037211610022326965
苏州,石嘴山,0.00024807740014884643
武汉,石嘴山,0.0
银川,石嘴山,0.007194244604316547
北京,肇庆,0.00037211610022326965
深圳,肇庆,0.002232696601339618
广州,肇庆,0.006325973703795584
佛山,肇庆,0.001116348300669809
中山,肇庆,0.00012403870007442322
江门,肇庆,0.00012403870007442322
北京,本溪,0.00012403870007442322
天津,本溪,0.00024807740014884643
沈阳,本溪,0.0013644257008186553
秦皇岛,本溪,0.00024807740014884643
北京,丽水,0.00012403870007442322
上海,丽水,0.004713470602828083
杭州,丽水,0.012279831307367898
宁波,丽水,0.00024807740014884643
温州,丽水,0.0031009675018605805
昆明,丽水,0.0
北京,松原,0.00012403870007442322
上海,松原,0.00037211610022326965
长春,松原,0.0035971223021582736
北京,梅州,0.00012403870007442322
深圳,梅州,0.0034730836020838503
广州,梅州,0.0023567353014140413
中山,梅州,0.00012403870007442322
北京,毕节,0.00012403870007442322
北京,毕节,0.00012403870007442322
深圳,毕节,0.00012403870007442322
深圳,毕节,0.00012403870007442322
贵阳,毕节,0.002976928801786157
贵阳,毕节,0.002976928801786157
北京,汕头,0.00012403870007442322
上海,汕头,0.00012403870007442322
深圳,汕头,0.002976928801786157
广州,汕头,0.0014884644008930786
北京,河池,0.00012403870007442322
南宁,河池,0.008806747705284048
柳州,河池,0.0
北京,玉林,0.00012403870007442322
上海,玉林,0.00037211610022326965
宁波,玉林,0.00024807740014884643
南宁,玉林,0.012651947407591168
桂林,玉林,0.0
茂名,玉林,0.00012403870007442322
北京,北海,0.00012403870007442322
上海,北海,0.0
深圳,北海,0.00012403870007442322
南宁,北海,0.002976928801786157
威海,北海,0.0
北京,南充,0.00012403870007442322
成都,南充,0.012403870007442322
北京,丽江,0.00012403870007442322
拉萨,丽江,0.00012403870007442322
厦门,丽江,0.0
昆明,丽江,0.0053336641032001985
北京,景德镇,0.00012403870007442322
上海,景德镇,0.0008682709005209626
南昌,景德镇,0.0012403870007442323
黄山,景德镇,0.00012403870007442322
北京,阜新,0.00012403870007442322
大连,阜新,0.00012403870007442322
沈阳,阜新,0.0019846192011907715
北京,陇南,0.00012403870007442322
兰州,陇南,0.003349044902009427
运城,陇南,0.00012403870007442322
北京,雅安,0.00012403870007442322
成都,雅安,0.004465393202679236
北京,鹤壁,0.00012403870007442322
上海,鹤壁,0.00012403870007442322
郑州,鹤壁,0.0027288514016373107
北京,龙岩,0.00012403870007442322
福州,龙岩,0.002976928801786157
厦门,龙岩,0.004713470602828083
北京,广元,0.0
成都,广元,0.009054825105432896
北京,宝鸡,0.0
西安,宝鸡,0.010419250806251551
北京,玉溪,0.0
昆明,玉溪,0.004837509302902505
上海,北京,0.8347804515008683
深圳,北京,0.5793847680476308
广州,北京,0.11510791366906475
天津,北京,0.33899776730339864
杭州,北京,0.15938972959563383
苏州,北京,0.07802034234681221
宁波,北京,0.09885884395931531
拉萨,北京,0.11709253287025552
南京,北京,0.06536839493922103
东莞,北京,0.006201935003721161
成都,北京,0.08112130984867279
福州,北京,0.025924088315554452
无锡,北京,0.02890101711734061
重庆,北京,0.041552964524931776
嘉兴,北京,0.045150086827090055
厦门,北京,0.04874720912924833
武汉,北京,0.05048375093029025
郑州,北京,0.051103944430662365
石家庄,北京,0.049367402629620444
珠海,北京,0.048623170429173905
济南,北京,0.04440585462664351
青岛,北京,0.04341354502604813
西安,北京,0.042421235425452744
长沙,北京,0.02654428181592657
合肥,北京,0.022575043413545028
大连,北京,0.03870007442322004
惠州,北京,0.0013644257008186553
南通,北京,0.005829818903497892
绍兴,北京,0.0038451997023071197
温州,北京,0.002852890101711734
佛山,北京,0.002852890101711734
常州,北京,0.01153559910692136
银川,北京,0.002976928801786157
乌鲁木齐,北京,0.017489456710493675
湖州,北京,0.0016125031009675019
南昌,北京,0.012155792607293476
哈尔滨,北京,0.025551972215331183
新余,北京,0.024683701314810222
泉州,北京,0.0013644257008186553
沈阳,北京,0.02344331431406599
海口,北京,0.02282312081369387
太原,北京,0.020590424212354255
金华,北京,0.010419250806251551
南宁,北京,0.007070205904242123
廊坊,北京,0.01885388241131233
昆明,北京,0.010295212106177128
长春,北京,0.01699330191019598
中山,北京,0.0016125031009675019
台州,北京,0.0006201935003721161
镇江,北京,0.0018605805011163482
舟山,北京,0.0018605805011163482
九江,北京,0.011411560406846936
唐山,北京,0.011039444306623666
潍坊,北京,0.008310592904986355
烟台,北京,0.00731828330439097
贵阳,北京,0.010171173406102704
保定,北京,0.009302902505581741
达州,北京,0.00012403870007442322
泰州,北京,0.001116348300669809
宜春,北京,0.007814438104688662
鹰潭,北京,0.0013644257008186553
兰州,北京,0.007194244604316547
芜湖,北京,0.005705780203423468
呼和浩特,北京,0.006077896303646738
孝感,北京,0.00657405110394443
盐城,北京,0.0004961548002976929
扬州,北京,0.0014884644008930786
德阳,北京,0.00012403870007442322
临沂,北京,0.0007442322004465393
绵阳,北京,0.0004961548002976929
淄博,北京,0.0017365418010419251
鄂尔多斯,北京,0.004093277102455967
包头,北京,0.0035971223021582736
洛阳,北京,0.00012403870007442322
邯郸,北京,0.0032250062019350038
西宁,北京,0.0018605805011163482
承德,北京,0.0027288514016373107
萍乡,北京,0.0024807740014884646
吴忠,北京,0.00024807740014884643
鹤岗,北京,0.0024807740014884646
德州,北京,0.0007442322004465393
徐州,北京,0.0014884644008930786
抚顺,北京,0.00012403870007442322
三亚,北京,0.0018605805011163482
张家口,北京,0.0021086579012651947
聊城,北京,0.0021086579012651947
淮安,北京,0.001116348300669809
玉溪,北京,0.00012403870007442322
宣城,北京,0.0004961548002976929
日照,北京,0.0017365418010419251
秦皇岛,北京,0.0017365418010419251
济宁,北京,0.0006201935003721161
泰安,北京,0.0009923096005953857
赣州,北京,0.00037211610022326965
晋中,北京,0.0
宿迁,北京,0.0013644257008186553
滨州,北京,0.0007442322004465393
肇庆,北京,0.00012403870007442322
吉林,北京,0.00037211610022326965
蚌埠,北京,0.0012403870007442323
沧州,北京,0.0012403870007442323
邢台,北京,0.00037211610022326965
威海,北京,0.001116348300669809
通辽,北京,0.001116348300669809
衢州,北京,0.0006201935003721161
许昌,北京,0.00012403870007442322
黄山,北京,0.00012403870007442322
衡阳,北京,0.00012403870007442322
丽水,北京,0.00012403870007442322
锦州,北京,0.00012403870007442322
梅州,北京,0.00024807740014884643
辽阳,北京,0.0
运城,北京,0.0004961548002976929
大同,北京,0.00037211610022326965
平顶山,北京,0.00024807740014884643
衡水,北京,0.00012403870007442322
赤峰,北京,0.00012403870007442322
上海,蚌埠,0.005209625403125776
深圳,蚌埠,0.002232696601339618
拉萨,蚌埠,0.0008682709005209626
南京,蚌埠,0.0004961548002976929
合肥,蚌埠,0.008310592904986355
芜湖,蚌埠,0.00024807740014884643
丹东,蚌埠,0.00012403870007442322
上海,铜陵,0.0012403870007442323
深圳,铜陵,0.0004961548002976929
合肥,铜陵,0.0016125031009675019
芜湖,铜陵,0.00012403870007442322
安庆,铜陵,0.001116348300669809
上海,云浮,0.0012403870007442323
广州,云浮,0.0018605805011163482
佛山,云浮,0.0008682709005209626
中山,云浮,0.00012403870007442322
肇庆,云浮,0.00024807740014884643
河源,云浮,0.00012403870007442322
上海,莆田,0.001116348300669809
福州,莆田,0.009178863805507318
厦门,莆田,0.0004961548002976929
南平,莆田,0.00024807740014884643
上海,池州,0.0004961548002976929
南京,池州,0.0004961548002976929
合肥,池州,0.01079136690647482
芜湖,池州,0.0006201935003721161
安庆,池州,0.004093277102455967
铜陵,池州,0.0006201935003721161
上海,百色,0.00024807740014884643
南宁,百色,0.015876953609526172
上海,江门,0.00012403870007442322
深圳,江门,0.0018605805011163482
广州,江门,0.008434631605060779
佛山,江门,0.0034730836020838503
上海,张家界,0.00012403870007442322
深圳,张家界,0.00012403870007442322
杭州,张家界,0.00012403870007442322
长沙,张家界,0.0017365418010419251
常德,张家界,0.00012403870007442322
上海,铁岭,0.00012403870007442322
苏州,铁岭,0.00037211610022326965
沈阳,铁岭,0.006698089804018854
秦皇岛,铁岭,0.00024807740014884643
上海,普洱,0.0
昆明,普洱,0.002232696601339618
深圳,清远,0.014388489208633094
广州,清远,0.010171173406102704
佛山,清远,0.0007442322004465393
深圳,河源,0.009178863805507318
广州,河源,0.0006201935003721161
湛江,河源,0.00024807740014884643
深圳,汕尾,0.006077896303646738
广州,汕尾,0.00012403870007442322
深圳,韶关,0.0018605805011163482
广州,韶关,0.0017365418010419251
东莞,韶关,0.0004961548002976929
西安,韶关,0.00012403870007442322
深圳,湛江,0.001116348300669809
广州,湛江,0.002976928801786157
深圳,阳江,0.0006201935003721161
广州,阳江,0.0016125031009675019
佛山,阳江,0.00037211610022326965
中山,阳江,0.00024807740014884643
深圳,怀化,0.0004961548002976929
长沙,怀化,0.006946167204167701
深圳,茂名,0.0004961548002976929
广州,茂名,0.001116348300669809
宁波,茂名,0.0
珠海,茂名,0.00012403870007442322
佛山,茂名,0.0
深圳,嘉峪关,0.00024807740014884643
兰州,嘉峪关,0.00012403870007442322
深圳,固原,0.00024807740014884643
银川,固原,0.0018605805011163482
深圳,周口,0.0
郑州,周口,0.009923096005953858
苏州,曲靖,0.00012403870007442322
武汉,曲靖,0.00012403870007442322
昆明,曲靖,0.007194244604316547
成都,乐山,0.013272140907963284
武汉,乐山,0.0
济南,乐山,0.00012403870007442322
成都,巴中,0.008806747705284048
达州,巴中,0.00012403870007442322
自贡,巴中,0.0013644257008186553
成都,宜宾,0.008434631605060779
重庆,宜宾,0.0006201935003721161
成都,资阳,0.007690399404614239
成都,遂宁,0.005953857603572314
重庆,遂宁,0.0
无锡,武威,0.00012403870007442322
兰州,武威,0.0018605805011163482
重庆,防城港,0.00024807740014884643
武汉,防城港,0.0
南宁,防城港,0.011659637806995783
桂林,防城港,0.00012403870007442322
北海,防城港,0.00012403870007442322
武汉,鄂州,0.011287521706772514
武汉,平凉,0.0034730836020838503
兰州,平凉,0.0017365418010419251
盐城,平凉,0.00012403870007442322
武汉,汉中,0.002232696601339618
西安,汉中,0.00657405110394443
武汉,天水,0.00024807740014884643
兰州,天水,0.0034730836020838503
武汉,安康,0.00012403870007442322
西安,安康,0.0035971223021582736
石家庄,通化,0.00037211610022326965
长春,通化,0.0021086579012651947
石家庄,梧州,0.00024807740014884643
南宁,梧州,0.004465393202679236
桂林,梧州,0.0
西安,铜川,0.005581741503349045
兰州,铜川,0.0
西安,商洛,0.0014884644008930786
温州,辽阳,0.0
沈阳,辽阳,0.0
秦皇岛,辽阳,0.00012403870007442322
鞍山,辽阳,0.0004961548002976929
平顶山,辽阳,0.00012403870007442322
哈尔滨,双鸭山,0.0038451997023071197
长春,双鸭山,0.00012403870007442322
佳木斯,双鸭山,0.00012403870007442322
哈尔滨,鸡西,0.0017365418010419251
佳木斯,鸡西,0.0
哈尔滨,鹤岗,0.0014884644008930786
哈尔滨,七台河,0.0006201935003721161
南宁,崇左,0.008434631605060779
南宁,贵港,0.007814438104688662
南宁,来宾,0.004465393202679236
南宁,贺州,0.0018605805011163482
昆明,昭通,0.0037211610022326964
昆明,保山,0.002604812701562888
昆明,临沧,0.0017365418010419251
中山,潮州,0.0004961548002976929
兰州,金昌,0.0008682709005209626
